序号,服务,模块,端口,请求方法,接口路径,Controller,处理方法,接口说明,源码位置,映射注解行,处理方法行,映射注解
1,qdata-ai,ai-standalone,8087,POST,/chat/conversation,ChatConversationController,add,新增ai聊天对话,qdata-ai/qdata-ai-server/src/main/java/tech/qiantong/qdata/ai/controller/admin/chat/ChatConversationController.java,81,82,@PostMapping
2,qdata-ai,ai-standalone,8087,PUT,/chat/conversation,ChatConversationController,edit,修改ai聊天对话,qdata-ai/qdata-ai-server/src/main/java/tech/qiantong/qdata/ai/controller/admin/chat/ChatConversationController.java,92,93,@PutMapping
3,qdata-ai,ai-standalone,8087,GET,/chat/conversation/myList,ChatConversationController,myList,查询ai聊天对话列表,qdata-ai/qdata-ai-server/src/main/java/tech/qiantong/qdata/ai/controller/admin/chat/ChatConversationController.java,66,67,@GetMapping
4,qdata-ai,ai-standalone,8087,POST,/chat/conversation/setAssociations,ChatConversationController,associations,设置关联关系,qdata-ai/qdata-ai-server/src/main/java/tech/qiantong/qdata/ai/controller/admin/chat/ChatConversationController.java,107,108,@PostMapping
5,qdata-ai,ai-standalone,8087,DELETE,/chat/conversation/{ids},ChatConversationController,remove,删除ai聊天对话,qdata-ai/qdata-ai-server/src/main/java/tech/qiantong/qdata/ai/controller/admin/chat/ChatConversationController.java,101,102,@DeleteMapping
6,qdata-ai,ai-standalone,8087,GET,/chat/conversation/{id},ChatConversationController,getInfo,获取ai聊天对话详细信息,qdata-ai/qdata-ai-server/src/main/java/tech/qiantong/qdata/ai/controller/admin/chat/ChatConversationController.java,74,75,@GetMapping
7,qdata-ai,ai-standalone,8087,DELETE,/chat/message/deleteByConversationId,ChatMessageController,deleteByConversationId,清空会话聊天消息,qdata-ai/qdata-ai-server/src/main/java/tech/qiantong/qdata/ai/controller/admin/chat/ChatMessageController.java,98,99,@DeleteMapping
8,qdata-ai,ai-standalone,8087,GET,/chat/message/exportDetailData,ChatMessageController,sendChatMessageStream,导出智能图表的明细数据,qdata-ai/qdata-ai-server/src/main/java/tech/qiantong/qdata/ai/controller/admin/chat/ChatMessageController.java,107,108,@GetMapping
9,qdata-ai,ai-standalone,8087,GET,/chat/message/list-by-conversation-id,ChatMessageController,getChatMessageListByConversationId,获得指定对话的消息列表,qdata-ai/qdata-ai-server/src/main/java/tech/qiantong/qdata/ai/controller/admin/chat/ChatMessageController.java,79,80,@GetMapping
10,qdata-ai,ai-standalone,8087,POST,/chat/message/send-stream,ChatMessageController,sendChatMessageStream,发送消息（流式）,qdata-ai/qdata-ai-server/src/main/java/tech/qiantong/qdata/ai/controller/admin/chat/ChatMessageController.java,70,71,@PostMapping
11,qdata-ai,ai-standalone,8087,DELETE,/chat/message/{ids},ChatMessageController,remove,删除ai聊天消息,qdata-ai/qdata-ai-server/src/main/java/tech/qiantong/qdata/ai/controller/admin/chat/ChatMessageController.java,92,93,@DeleteMapping
12,qdata-ai,ai-standalone,8087,GET,/model/list,ModelController,list,模型列表,qdata-ai/qdata-ai-server/src/main/java/tech/qiantong/qdata/ai/controller/admin/model/ModelController.java,54,55,@GetMapping
13,qdata-quality,quality,8083,POST,/quality/qualityTaskExecutor/generateDataCheck,QualityTaskExecutorController,generateDataCheck,,qdata-quality/src/main/java/tech/qiantong/qdata/quality/controller/quality/QualityTaskExecutorController.java,121,122,@PostMapping
14,qdata-quality,quality,8083,POST,/quality/qualityTaskExecutor/generateValidationErrorDataSql,QualityTaskExecutorController,generateValidationErrorDataSql,,qdata-quality/src/main/java/tech/qiantong/qdata/quality/controller/quality/QualityTaskExecutorController.java,96,97,@PostMapping
15,qdata-quality,quality,8083,POST,/quality/qualityTaskExecutor/generateValidationValidDataSql,QualityTaskExecutorController,generateValidationValidDataSql,,qdata-quality/src/main/java/tech/qiantong/qdata/quality/controller/quality/QualityTaskExecutorController.java,86,87,@PostMapping
16,qdata-quality,quality,8083,POST,/quality/qualityTaskExecutor/pageErrorData,QualityTaskExecutorController,pageErrorData,,qdata-quality/src/main/java/tech/qiantong/qdata/quality/controller/quality/QualityTaskExecutorController.java,62,63,@PostMapping
17,qdata-quality,quality,8083,PUT,/quality/qualityTaskExecutor/runExecuteTask/{id},QualityTaskExecutorController,runExecuteTask,,qdata-quality/src/main/java/tech/qiantong/qdata/quality/controller/quality/QualityTaskExecutorController.java,108,109,@PutMapping
18,qdata-quality,quality,8083,POST,/quality/qualityTaskExecutor/updateErrorData,QualityTaskExecutorController,updateErrorData,,qdata-quality/src/main/java/tech/qiantong/qdata/quality/controller/quality/QualityTaskExecutorController.java,74,75,@PostMapping
19,qdata-quality,quality,8083,POST,/test/test2,TestController,test2,,qdata-quality/src/main/java/tech/qiantong/qdata/quality/controller/da/TestController.java,55,56,@PostMapping
20,qdata-quality,quality,8083,POST,/test/test3,TestController,test3,,qdata-quality/src/main/java/tech/qiantong/qdata/quality/controller/da/TestController.java,62,63,@PostMapping
21,qdata-server,ai,8080,POST,/ai/chatConversation,AiChatConversationController,add,新增ai聊天对话,qdata-module-ai/qdata-module-ai-biz/src/main/java/tech/qiantong/qdata/module/ai/controller/admin/chat/AiChatConversationController.java,92,93,@PostMapping
22,qdata-server,ai,8080,PUT,/ai/chatConversation,AiChatConversationController,edit,修改ai聊天对话,qdata-module-ai/qdata-module-ai-biz/src/main/java/tech/qiantong/qdata/module/ai/controller/admin/chat/AiChatConversationController.java,103,104,@PutMapping
23,qdata-server,ai,8080,POST,/ai/chatConversation/export,AiChatConversationController,export,导出ai聊天对话列表,qdata-module-ai/qdata-module-ai-biz/src/main/java/tech/qiantong/qdata/module/ai/controller/admin/chat/AiChatConversationController.java,73,74,@PostMapping
24,qdata-server,ai,8080,GET,/ai/chatConversation/list,AiChatConversationController,list,查询ai聊天对话列表,qdata-module-ai/qdata-module-ai-biz/src/main/java/tech/qiantong/qdata/module/ai/controller/admin/chat/AiChatConversationController.java,64,65,@GetMapping
25,qdata-server,ai,8080,DELETE,/ai/chatConversation/{ids},AiChatConversationController,remove,删除ai聊天对话,qdata-module-ai/qdata-module-ai-biz/src/main/java/tech/qiantong/qdata/module/ai/controller/admin/chat/AiChatConversationController.java,114,115,@DeleteMapping
26,qdata-server,ai,8080,GET,/ai/chatConversation/{id},AiChatConversationController,getInfo,获取ai聊天对话详细信息,qdata-module-ai/qdata-module-ai-biz/src/main/java/tech/qiantong/qdata/module/ai/controller/admin/chat/AiChatConversationController.java,83,84,@GetMapping
27,qdata-server,ai,8080,POST,/ai/chatMessage,AiChatMessageController,add,新增ai聊天消息,qdata-module-ai/qdata-module-ai-biz/src/main/java/tech/qiantong/qdata/module/ai/controller/admin/chat/AiChatMessageController.java,92,93,@PostMapping
28,qdata-server,ai,8080,PUT,/ai/chatMessage,AiChatMessageController,edit,修改ai聊天消息,qdata-module-ai/qdata-module-ai-biz/src/main/java/tech/qiantong/qdata/module/ai/controller/admin/chat/AiChatMessageController.java,103,104,@PutMapping
29,qdata-server,ai,8080,POST,/ai/chatMessage/export,AiChatMessageController,export,导出ai聊天消息列表,qdata-module-ai/qdata-module-ai-biz/src/main/java/tech/qiantong/qdata/module/ai/controller/admin/chat/AiChatMessageController.java,73,74,@PostMapping
30,qdata-server,ai,8080,GET,/ai/chatMessage/list,AiChatMessageController,list,查询ai聊天消息列表,qdata-module-ai/qdata-module-ai-biz/src/main/java/tech/qiantong/qdata/module/ai/controller/admin/chat/AiChatMessageController.java,64,65,@GetMapping
31,qdata-server,ai,8080,DELETE,/ai/chatMessage/{ids},AiChatMessageController,remove,删除ai聊天消息,qdata-module-ai/qdata-module-ai-biz/src/main/java/tech/qiantong/qdata/module/ai/controller/admin/chat/AiChatMessageController.java,114,115,@DeleteMapping
32,qdata-server,ai,8080,GET,/ai/chatMessage/{id},AiChatMessageController,getInfo,获取ai聊天消息详细信息,qdata-module-ai/qdata-module-ai-biz/src/main/java/tech/qiantong/qdata/module/ai/controller/admin/chat/AiChatMessageController.java,83,84,@GetMapping
33,qdata-server,ai,8080,POST,/ai/model,AiModelController,add,新增模型管理,qdata-module-ai/qdata-module-ai-biz/src/main/java/tech/qiantong/qdata/module/ai/controller/admin/model/AiModelController.java,94,95,@PostMapping
34,qdata-server,ai,8080,PUT,/ai/model,AiModelController,edit,修改模型管理,qdata-module-ai/qdata-module-ai-biz/src/main/java/tech/qiantong/qdata/module/ai/controller/admin/model/AiModelController.java,105,106,@PutMapping
35,qdata-server,ai,8080,GET,/ai/model/enableList,AiModelController,enableList,查询启用模型管理列表,qdata-module-ai/qdata-module-ai-biz/src/main/java/tech/qiantong/qdata/module/ai/controller/admin/model/AiModelController.java,75,76,@GetMapping
36,qdata-server,ai,8080,GET,/ai/model/list,AiModelController,list,查询模型管理列表,qdata-module-ai/qdata-module-ai-biz/src/main/java/tech/qiantong/qdata/module/ai/controller/admin/model/AiModelController.java,67,68,@GetMapping
37,qdata-server,ai,8080,DELETE,/ai/model/{ids},AiModelController,remove,删除模型管理,qdata-module-ai/qdata-module-ai-biz/src/main/java/tech/qiantong/qdata/module/ai/controller/admin/model/AiModelController.java,116,117,@DeleteMapping
38,qdata-server,ai,8080,GET,/ai/model/{id},AiModelController,getInfo,获取模型管理详细信息,qdata-module-ai/qdata-module-ai-biz/src/main/java/tech/qiantong/qdata/module/ai/controller/admin/model/AiModelController.java,85,86,@GetMapping
39,qdata-server,att,8080,POST,/att/apiCat,AttApiCatController,add,新增数据服务类目管理,qdata-module-att/qdata-module-att-biz/src/main/java/tech/qiantong/qdata/module/att/controller/admin/cat/AttApiCatController.java,104,105,@PostMapping
40,qdata-server,att,8080,PUT,/att/apiCat,AttApiCatController,edit,修改数据服务类目管理,qdata-module-att/qdata-module-att-biz/src/main/java/tech/qiantong/qdata/module/att/controller/admin/cat/AttApiCatController.java,115,116,@PutMapping
41,qdata-server,att,8080,POST,/att/apiCat/export,AttApiCatController,export,导出数据服务类目管理列表,qdata-module-att/qdata-module-att-biz/src/main/java/tech/qiantong/qdata/module/att/controller/admin/cat/AttApiCatController.java,73,74,@PostMapping
42,qdata-server,att,8080,POST,/att/apiCat/importData,AttApiCatController,importData,导入数据服务类目管理列表,qdata-module-att/qdata-module-att-biz/src/main/java/tech/qiantong/qdata/module/att/controller/admin/cat/AttApiCatController.java,84,85,@PostMapping
43,qdata-server,att,8080,GET,/att/apiCat/list,AttApiCatController,list,查询数据服务类目管理列表,qdata-module-att/qdata-module-att-biz/src/main/java/tech/qiantong/qdata/module/att/controller/admin/cat/AttApiCatController.java,64,65,@GetMapping
44,qdata-server,att,8080,DELETE,/att/apiCat/{ids},AttApiCatController,remove,删除数据服务类目管理,qdata-module-att/qdata-module-att-biz/src/main/java/tech/qiantong/qdata/module/att/controller/admin/cat/AttApiCatController.java,126,127,@DeleteMapping
45,qdata-server,att,8080,GET,/att/apiCat/{id},AttApiCatController,getInfo,获取数据服务类目管理详细信息,qdata-module-att/qdata-module-att-biz/src/main/java/tech/qiantong/qdata/module/att/controller/admin/cat/AttApiCatController.java,95,96,@GetMapping
46,qdata-server,att,8080,POST,/att/assetCat,AttAssetCatController,add,新增数据资产类目管理,qdata-module-att/qdata-module-att-biz/src/main/java/tech/qiantong/qdata/module/att/controller/admin/cat/AttAssetCatController.java,104,105,@PostMapping
47,qdata-server,att,8080,PUT,/att/assetCat,AttAssetCatController,edit,修改数据资产类目管理,qdata-module-att/qdata-module-att-biz/src/main/java/tech/qiantong/qdata/module/att/controller/admin/cat/AttAssetCatController.java,115,116,@PutMapping
48,qdata-server,att,8080,POST,/att/assetCat/export,AttAssetCatController,export,导出数据资产类目管理列表,qdata-module-att/qdata-module-att-biz/src/main/java/tech/qiantong/qdata/module/att/controller/admin/cat/AttAssetCatController.java,73,74,@PostMapping
49,qdata-server,att,8080,POST,/att/assetCat/importData,AttAssetCatController,importData,导入数据资产类目管理列表,qdata-module-att/qdata-module-att-biz/src/main/java/tech/qiantong/qdata/module/att/controller/admin/cat/AttAssetCatController.java,84,85,@PostMapping
50,qdata-server,att,8080,GET,/att/assetCat/list,AttAssetCatController,list,查询数据资产类目管理列表,qdata-module-att/qdata-module-att-biz/src/main/java/tech/qiantong/qdata/module/att/controller/admin/cat/AttAssetCatController.java,64,65,@GetMapping
51,qdata-server,att,8080,GET,/att/assetCat/{ID},AttAssetCatController,getInfo,获取数据资产类目管理详细信息,qdata-module-att/qdata-module-att-biz/src/main/java/tech/qiantong/qdata/module/att/controller/admin/cat/AttAssetCatController.java,95,96,@GetMapping
52,qdata-server,att,8080,DELETE,/att/assetCat/{ids},AttAssetCatController,remove,删除数据资产类目管理,qdata-module-att/qdata-module-att-biz/src/main/java/tech/qiantong/qdata/module/att/controller/admin/cat/AttAssetCatController.java,126,127,@DeleteMapping
53,qdata-server,att,8080,POST,/att/auditRule,AttAuditRuleController,add,新增稽查规则,qdata-module-att/qdata-module-att-biz/src/main/java/tech/qiantong/qdata/module/att/controller/admin/rule/AttAuditRuleController.java,107,108,@PostMapping
54,qdata-server,att,8080,PUT,/att/auditRule,AttAuditRuleController,edit,修改稽查规则,qdata-module-att/qdata-module-att-biz/src/main/java/tech/qiantong/qdata/module/att/controller/admin/rule/AttAuditRuleController.java,118,119,@PutMapping
55,qdata-server,att,8080,POST,/att/auditRule/export,AttAuditRuleController,export,导出稽查规则列表,qdata-module-att/qdata-module-att-biz/src/main/java/tech/qiantong/qdata/module/att/controller/admin/rule/AttAuditRuleController.java,75,76,@PostMapping
56,qdata-server,att,8080,POST,/att/auditRule/importData,AttAuditRuleController,importData,导入稽查规则列表,qdata-module-att/qdata-module-att-biz/src/main/java/tech/qiantong/qdata/module/att/controller/admin/rule/AttAuditRuleController.java,87,88,@PostMapping
57,qdata-server,att,8080,GET,/att/auditRule/list,AttAuditRuleController,list,查询稽查规则列表,qdata-module-att/qdata-module-att-biz/src/main/java/tech/qiantong/qdata/module/att/controller/admin/rule/AttAuditRuleController.java,66,67,@GetMapping
58,qdata-server,att,8080,GET,/att/auditRule/tree,AttAuditRuleController,tree,获取稽查规则树形结构,qdata-module-att/qdata-module-att-biz/src/main/java/tech/qiantong/qdata/module/att/controller/admin/rule/AttAuditRuleController.java,135,136,@GetMapping
59,qdata-server,att,8080,GET,/att/auditRule/{ID},AttAuditRuleController,getInfo,获取稽查规则详细信息,qdata-module-att/qdata-module-att-biz/src/main/java/tech/qiantong/qdata/module/att/controller/admin/rule/AttAuditRuleController.java,98,99,@GetMapping
60,qdata-server,att,8080,DELETE,/att/auditRule/{ids},AttAuditRuleController,remove,删除稽查规则,qdata-module-att/qdata-module-att-biz/src/main/java/tech/qiantong/qdata/module/att/controller/admin/rule/AttAuditRuleController.java,129,130,@DeleteMapping
61,qdata-server,att,8080,POST,/att/cleanCat,AttCleanCatController,add,新增清洗规则类目,qdata-module-att/qdata-module-att-biz/src/main/java/tech/qiantong/qdata/module/att/controller/admin/cat/AttCleanCatController.java,108,109,@PostMapping
62,qdata-server,att,8080,PUT,/att/cleanCat,AttCleanCatController,edit,修改清洗规则类目,qdata-module-att/qdata-module-att-biz/src/main/java/tech/qiantong/qdata/module/att/controller/admin/cat/AttCleanCatController.java,119,120,@PutMapping
63,qdata-server,att,8080,POST,/att/cleanCat/export,AttCleanCatController,export,导出清洗规则类目列表,qdata-module-att/qdata-module-att-biz/src/main/java/tech/qiantong/qdata/module/att/controller/admin/cat/AttCleanCatController.java,78,79,@PostMapping
64,qdata-server,att,8080,POST,/att/cleanCat/importData,AttCleanCatController,importData,导入清洗规则类目列表,qdata-module-att/qdata-module-att-biz/src/main/java/tech/qiantong/qdata/module/att/controller/admin/cat/AttCleanCatController.java,89,90,@PostMapping
65,qdata-server,att,8080,GET,/att/cleanCat/list,AttCleanCatController,list,查询清洗规则类目列表,qdata-module-att/qdata-module-att-biz/src/main/java/tech/qiantong/qdata/module/att/controller/admin/cat/AttCleanCatController.java,69,70,@GetMapping
66,qdata-server,att,8080,GET,/att/cleanCat/listPage,AttCleanCatController,listPage,查询清洗规则类目列表,qdata-module-att/qdata-module-att-biz/src/main/java/tech/qiantong/qdata/module/att/controller/admin/cat/AttCleanCatController.java,63,64,@GetMapping
67,qdata-server,att,8080,DELETE,/att/cleanCat/{ids},AttCleanCatController,remove,删除清洗规则类目,qdata-module-att/qdata-module-att-biz/src/main/java/tech/qiantong/qdata/module/att/controller/admin/cat/AttCleanCatController.java,130,131,@DeleteMapping
68,qdata-server,att,8080,GET,/att/cleanCat/{id},AttCleanCatController,getInfo,获取清洗规则类目详细信息,qdata-module-att/qdata-module-att-biz/src/main/java/tech/qiantong/qdata/module/att/controller/admin/cat/AttCleanCatController.java,99,100,@GetMapping
69,qdata-server,att,8080,POST,/att/cleanRule,AttCleanRuleController,add,新增清洗规则,qdata-module-att/qdata-module-att-biz/src/main/java/tech/qiantong/qdata/module/att/controller/admin/rule/AttCleanRuleController.java,114,115,@PostMapping
70,qdata-server,att,8080,PUT,/att/cleanRule,AttCleanRuleController,edit,修改清洗规则,qdata-module-att/qdata-module-att-biz/src/main/java/tech/qiantong/qdata/module/att/controller/admin/rule/AttCleanRuleController.java,125,126,@PutMapping
71,qdata-server,att,8080,POST,/att/cleanRule/export,AttCleanRuleController,export,导出清洗规则列表,qdata-module-att/qdata-module-att-biz/src/main/java/tech/qiantong/qdata/module/att/controller/admin/rule/AttCleanRuleController.java,82,83,@PostMapping
72,qdata-server,att,8080,GET,/att/cleanRule/getCleaningRuleTree,AttCleanRuleController,getCleaningRuleTree,获取清洗规则树形结构,qdata-module-att/qdata-module-att-biz/src/main/java/tech/qiantong/qdata/module/att/controller/admin/rule/AttCleanRuleController.java,149,150,@GetMapping
73,qdata-server,att,8080,POST,/att/cleanRule/importData,AttCleanRuleController,importData,导入清洗规则列表,qdata-module-att/qdata-module-att-biz/src/main/java/tech/qiantong/qdata/module/att/controller/admin/rule/AttCleanRuleController.java,94,95,@PostMapping
74,qdata-server,att,8080,GET,/att/cleanRule/list,AttCleanRuleController,list,查询清洗规则列表,qdata-module-att/qdata-module-att-biz/src/main/java/tech/qiantong/qdata/module/att/controller/admin/rule/AttCleanRuleController.java,66,67,@GetMapping
75,qdata-server,att,8080,GET,/att/cleanRule/listAll,AttCleanRuleController,listAll,查询清洗规则列表,qdata-module-att/qdata-module-att-biz/src/main/java/tech/qiantong/qdata/module/att/controller/admin/rule/AttCleanRuleController.java,73,74,@GetMapping
76,qdata-server,att,8080,GET,/att/cleanRule/tree,AttCleanRuleController,tree,获取清洗规则树形结构,qdata-module-att/qdata-module-att-biz/src/main/java/tech/qiantong/qdata/module/att/controller/admin/rule/AttCleanRuleController.java,142,143,@GetMapping
77,qdata-server,att,8080,GET,/att/cleanRule/{ID},AttCleanRuleController,getInfo,获取清洗规则详细信息,qdata-module-att/qdata-module-att-biz/src/main/java/tech/qiantong/qdata/module/att/controller/admin/rule/AttCleanRuleController.java,105,106,@GetMapping
78,qdata-server,att,8080,DELETE,/att/cleanRule/{ids},AttCleanRuleController,remove,删除清洗规则,qdata-module-att/qdata-module-att-biz/src/main/java/tech/qiantong/qdata/module/att/controller/admin/rule/AttCleanRuleController.java,136,137,@DeleteMapping
79,qdata-server,att,8080,POST,/att/client,AttClientController,add,新增应用管理,qdata-module-att/qdata-module-att-biz/src/main/java/tech/qiantong/qdata/module/att/controller/admin/client/AttClientController.java,106,107,@PostMapping
80,qdata-server,att,8080,PUT,/att/client,AttClientController,edit,修改应用管理,qdata-module-att/qdata-module-att-biz/src/main/java/tech/qiantong/qdata/module/att/controller/admin/client/AttClientController.java,114,115,@PutMapping
81,qdata-server,att,8080,POST,/att/client/export,AttClientController,export,导出应用管理列表,qdata-module-att/qdata-module-att-biz/src/main/java/tech/qiantong/qdata/module/att/controller/admin/client/AttClientController.java,75,76,@PostMapping
82,qdata-server,att,8080,POST,/att/client/importData,AttClientController,importData,导入应用管理列表,qdata-module-att/qdata-module-att-biz/src/main/java/tech/qiantong/qdata/module/att/controller/admin/client/AttClientController.java,86,87,@PostMapping
83,qdata-server,att,8080,GET,/att/client/list,AttClientController,list,查询应用管理列表,qdata-module-att/qdata-module-att-biz/src/main/java/tech/qiantong/qdata/module/att/controller/admin/client/AttClientController.java,66,67,@GetMapping
84,qdata-server,att,8080,POST,/att/client/reset/secret,AttClientController,resetSecret,重置应用秘钥,qdata-module-att/qdata-module-att-biz/src/main/java/tech/qiantong/qdata/module/att/controller/admin/client/AttClientController.java,130,131,@PostMapping
85,qdata-server,att,8080,DELETE,/att/client/{ids},AttClientController,remove,删除应用管理,qdata-module-att/qdata-module-att-biz/src/main/java/tech/qiantong/qdata/module/att/controller/admin/client/AttClientController.java,122,123,@DeleteMapping
86,qdata-server,att,8080,GET,/att/client/{id},AttClientController,getInfo,获取应用管理详细信息,qdata-module-att/qdata-module-att-biz/src/main/java/tech/qiantong/qdata/module/att/controller/admin/client/AttClientController.java,97,98,@GetMapping
87,qdata-server,att,8080,POST,/att/clientApiRel,AttClientApiRelController,add,新增应用API服务关联,qdata-module-att/qdata-module-att-biz/src/main/java/tech/qiantong/qdata/module/att/controller/admin/client/AttClientApiRelController.java,69,70,@PostMapping
88,qdata-server,att,8080,PUT,/att/clientApiRel,AttClientApiRelController,edit,修改应用API服务关联,qdata-module-att/qdata-module-att-biz/src/main/java/tech/qiantong/qdata/module/att/controller/admin/client/AttClientApiRelController.java,80,81,@PutMapping
89,qdata-server,att,8080,GET,/att/clientApiRel/list,AttClientApiRelController,list,查询应用API服务关联列表,qdata-module-att/qdata-module-att-biz/src/main/java/tech/qiantong/qdata/module/att/controller/admin/client/AttClientApiRelController.java,60,61,@GetMapping
90,qdata-server,att,8080,DELETE,/att/clientApiRel/{ids},AttClientApiRelController,remove,删除应用API服务关联,qdata-module-att/qdata-module-att-biz/src/main/java/tech/qiantong/qdata/module/att/controller/admin/client/AttClientApiRelController.java,91,92,@DeleteMapping
91,qdata-server,att,8080,POST,/att/dataDevCat,AttDataDevCatController,add,新增数据开发类目管理,qdata-module-att/qdata-module-att-biz/src/main/java/tech/qiantong/qdata/module/att/controller/admin/cat/AttDataDevCatController.java,126,127,@PostMapping
92,qdata-server,att,8080,PUT,/att/dataDevCat,AttDataDevCatController,edit,修改数据开发类目管理,qdata-module-att/qdata-module-att-biz/src/main/java/tech/qiantong/qdata/module/att/controller/admin/cat/AttDataDevCatController.java,137,138,@PutMapping
93,qdata-server,att,8080,GET,/att/dataDevCat/dataDevelopmentTaskCount/{id},AttDataDevCatController,getDataDevelopmentTaskCount,查询类目关联的数据开发任务数量,qdata-module-att/qdata-module-att-biz/src/main/java/tech/qiantong/qdata/module/att/controller/admin/cat/AttDataDevCatController.java,118,119,@GetMapping
94,qdata-server,att,8080,POST,/att/dataDevCat/export,AttDataDevCatController,export,导出数据开发类目管理列表,qdata-module-att/qdata-module-att-biz/src/main/java/tech/qiantong/qdata/module/att/controller/admin/cat/AttDataDevCatController.java,72,73,@PostMapping
95,qdata-server,att,8080,GET,/att/dataDevCat/hasDataDevelopmentTask/{id},AttDataDevCatController,hasDataDevelopmentTask,检查类目及其子类目下是否存在数据开发任务,qdata-module-att/qdata-module-att-biz/src/main/java/tech/qiantong/qdata/module/att/controller/admin/cat/AttDataDevCatController.java,102,103,@GetMapping
96,qdata-server,att,8080,POST,/att/dataDevCat/importData,AttDataDevCatController,importData,导入数据开发类目管理列表,qdata-module-att/qdata-module-att-biz/src/main/java/tech/qiantong/qdata/module/att/controller/admin/cat/AttDataDevCatController.java,83,84,@PostMapping
97,qdata-server,att,8080,GET,/att/dataDevCat/list,AttDataDevCatController,list,查询数据开发类目管理列表,qdata-module-att/qdata-module-att-biz/src/main/java/tech/qiantong/qdata/module/att/controller/admin/cat/AttDataDevCatController.java,63,64,@GetMapping
98,qdata-server,att,8080,GET,/att/dataDevCat/nameUsed,AttDataDevCatController,isNameUsed,检查同一上级类目下名称是否已被使用,qdata-module-att/qdata-module-att-biz/src/main/java/tech/qiantong/qdata/module/att/controller/admin/cat/AttDataDevCatController.java,109,110,@GetMapping
99,qdata-server,att,8080,DELETE,/att/dataDevCat/{ids},AttDataDevCatController,remove,删除数据开发类目管理,qdata-module-att/qdata-module-att-biz/src/main/java/tech/qiantong/qdata/module/att/controller/admin/cat/AttDataDevCatController.java,148,149,@DeleteMapping
100,qdata-server,att,8080,GET,/att/dataDevCat/{id},AttDataDevCatController,getInfo,获取数据开发类目管理详细信息,qdata-module-att/qdata-module-att-biz/src/main/java/tech/qiantong/qdata/module/att/controller/admin/cat/AttDataDevCatController.java,94,95,@GetMapping
101,qdata-server,att,8080,POST,/att/dataElemCat,AttDataElemCatController,add,新增数据元类目管理,qdata-module-att/qdata-module-att-biz/src/main/java/tech/qiantong/qdata/module/att/controller/admin/cat/AttDataElemCatController.java,105,106,@PostMapping
102,qdata-server,att,8080,PUT,/att/dataElemCat,AttDataElemCatController,edit,修改数据元类目管理,qdata-module-att/qdata-module-att-biz/src/main/java/tech/qiantong/qdata/module/att/controller/admin/cat/AttDataElemCatController.java,116,117,@PutMapping
103,qdata-server,att,8080,POST,/att/dataElemCat/export,AttDataElemCatController,export,导出数据元类目管理列表,qdata-module-att/qdata-module-att-biz/src/main/java/tech/qiantong/qdata/module/att/controller/admin/cat/AttDataElemCatController.java,74,75,@PostMapping
104,qdata-server,att,8080,POST,/att/dataElemCat/importData,AttDataElemCatController,importData,导入数据元类目管理列表,qdata-module-att/qdata-module-att-biz/src/main/java/tech/qiantong/qdata/module/att/controller/admin/cat/AttDataElemCatController.java,85,86,@PostMapping
105,qdata-server,att,8080,GET,/att/dataElemCat/list,AttDataElemCatController,list,查询数据元类目管理列表,qdata-module-att/qdata-module-att-biz/src/main/java/tech/qiantong/qdata/module/att/controller/admin/cat/AttDataElemCatController.java,65,66,@GetMapping
106,qdata-server,att,8080,DELETE,/att/dataElemCat/{ids},AttDataElemCatController,remove,删除数据元类目管理,qdata-module-att/qdata-module-att-biz/src/main/java/tech/qiantong/qdata/module/att/controller/admin/cat/AttDataElemCatController.java,127,128,@DeleteMapping
107,qdata-server,att,8080,GET,/att/dataElemCat/{id},AttDataElemCatController,getInfo,获取数据元类目管理详细信息,qdata-module-att/qdata-module-att-biz/src/main/java/tech/qiantong/qdata/module/att/controller/admin/cat/AttDataElemCatController.java,96,97,@GetMapping
108,qdata-server,att,8080,POST,/att/documentCat,AttDocumentCatController,add,新增标准信息分类管理,qdata-module-att/qdata-module-att-biz/src/main/java/tech/qiantong/qdata/module/att/controller/admin/cat/AttDocumentCatController.java,102,103,@PostMapping
109,qdata-server,att,8080,PUT,/att/documentCat,AttDocumentCatController,edit,修改标准信息分类管理,qdata-module-att/qdata-module-att-biz/src/main/java/tech/qiantong/qdata/module/att/controller/admin/cat/AttDocumentCatController.java,113,114,@PutMapping
110,qdata-server,att,8080,POST,/att/documentCat/export,AttDocumentCatController,export,导出标准信息分类管理列表,qdata-module-att/qdata-module-att-biz/src/main/java/tech/qiantong/qdata/module/att/controller/admin/cat/AttDocumentCatController.java,82,83,@PostMapping
111,qdata-server,att,8080,GET,/att/documentCat/getAttDocumentCatList,AttDocumentCatController,getAttDocumentCatList,查询标准信息分类管理列表,qdata-module-att/qdata-module-att-biz/src/main/java/tech/qiantong/qdata/module/att/controller/admin/cat/AttDocumentCatController.java,72,73,@GetMapping
112,qdata-server,att,8080,GET,/att/documentCat/list,AttDocumentCatController,list,查询标准信息分类管理列表,qdata-module-att/qdata-module-att-biz/src/main/java/tech/qiantong/qdata/module/att/controller/admin/cat/AttDocumentCatController.java,64,65,@GetMapping
113,qdata-server,att,8080,DELETE,/att/documentCat/{id},AttDocumentCatController,remove,删除标准信息分类管理,qdata-module-att/qdata-module-att-biz/src/main/java/tech/qiantong/qdata/module/att/controller/admin/cat/AttDocumentCatController.java,124,125,@DeleteMapping
114,qdata-server,att,8080,GET,/att/documentCat/{id},AttDocumentCatController,getInfo,获取标准信息分类管理详细信息,qdata-module-att/qdata-module-att-biz/src/main/java/tech/qiantong/qdata/module/att/controller/admin/cat/AttDocumentCatController.java,93,94,@GetMapping
115,qdata-server,att,8080,POST,/att/modelCat,AttModelCatController,add,新增逻辑模型类目管理,qdata-module-att/qdata-module-att-biz/src/main/java/tech/qiantong/qdata/module/att/controller/admin/cat/AttModelCatController.java,104,105,@PostMapping
116,qdata-server,att,8080,PUT,/att/modelCat,AttModelCatController,edit,修改逻辑模型类目管理,qdata-module-att/qdata-module-att-biz/src/main/java/tech/qiantong/qdata/module/att/controller/admin/cat/AttModelCatController.java,115,116,@PutMapping
117,qdata-server,att,8080,POST,/att/modelCat/export,AttModelCatController,export,导出逻辑模型类目管理列表,qdata-module-att/qdata-module-att-biz/src/main/java/tech/qiantong/qdata/module/att/controller/admin/cat/AttModelCatController.java,73,74,@PostMapping
118,qdata-server,att,8080,POST,/att/modelCat/importData,AttModelCatController,importData,导入逻辑模型类目管理列表,qdata-module-att/qdata-module-att-biz/src/main/java/tech/qiantong/qdata/module/att/controller/admin/cat/AttModelCatController.java,84,85,@PostMapping
119,qdata-server,att,8080,GET,/att/modelCat/list,AttModelCatController,list,查询逻辑模型类目管理列表,qdata-module-att/qdata-module-att-biz/src/main/java/tech/qiantong/qdata/module/att/controller/admin/cat/AttModelCatController.java,64,65,@GetMapping
120,qdata-server,att,8080,DELETE,/att/modelCat/{ID},AttModelCatController,remove,删除逻辑模型类目管理,qdata-module-att/qdata-module-att-biz/src/main/java/tech/qiantong/qdata/module/att/controller/admin/cat/AttModelCatController.java,134,135,@DeleteMapping
121,qdata-server,att,8080,GET,/att/modelCat/{ID},AttModelCatController,getInfo,获取逻辑模型类目管理详细信息,qdata-module-att/qdata-module-att-biz/src/main/java/tech/qiantong/qdata/module/att/controller/admin/cat/AttModelCatController.java,95,96,@GetMapping
122,qdata-server,att,8080,POST,/att/project,AttProjectController,add,新增项目,qdata-module-att/qdata-module-att-biz/src/main/java/tech/qiantong/qdata/module/att/controller/admin/project/AttProjectController.java,121,122,@PostMapping
123,qdata-server,att,8080,PUT,/att/project,AttProjectController,edit,修改项目,qdata-module-att/qdata-module-att-biz/src/main/java/tech/qiantong/qdata/module/att/controller/admin/project/AttProjectController.java,142,143,@PutMapping
124,qdata-server,att,8080,GET,/att/project/addUserAndProject/{id},AttProjectController,addUserAndProjectIsOk,获取当前用户是非具备用户添加和项目管理员,qdata-module-att/qdata-module-att-biz/src/main/java/tech/qiantong/qdata/module/att/controller/admin/project/AttProjectController.java,113,114,@GetMapping
125,qdata-server,att,8080,GET,/att/project/currentUser/list,AttProjectController,currentUser,查询当前用户所属的项目列表,qdata-module-att/qdata-module-att-biz/src/main/java/tech/qiantong/qdata/module/att/controller/admin/project/AttProjectController.java,75,76,@GetMapping
126,qdata-server,att,8080,GET,/att/project/editProjectStatus/{id}/{status},AttProjectController,editProjectStatus,修改项目状态,qdata-module-att/qdata-module-att-biz/src/main/java/tech/qiantong/qdata/module/att/controller/admin/project/AttProjectController.java,157,158,@GetMapping
127,qdata-server,att,8080,POST,/att/project/importData,AttProjectController,importData,导入项目列表,qdata-module-att/qdata-module-att-biz/src/main/java/tech/qiantong/qdata/module/att/controller/admin/project/AttProjectController.java,94,95,@PostMapping
128,qdata-server,att,8080,GET,/att/project/list,AttProjectController,list,查询项目列表,qdata-module-att/qdata-module-att-biz/src/main/java/tech/qiantong/qdata/module/att/controller/admin/project/AttProjectController.java,68,69,@GetMapping
129,qdata-server,att,8080,POST,/att/project/noProjectUser/list,AttProjectController,list,查询当前用户所属的项目列表,qdata-module-att/qdata-module-att-biz/src/main/java/tech/qiantong/qdata/module/att/controller/admin/project/AttProjectController.java,85,86,@PostMapping
130,qdata-server,att,8080,GET,/att/project/{ID},AttProjectController,getInfo,获取项目详细信息,qdata-module-att/qdata-module-att-biz/src/main/java/tech/qiantong/qdata/module/att/controller/admin/project/AttProjectController.java,105,106,@GetMapping
131,qdata-server,att,8080,DELETE,/att/project/{ids},AttProjectController,remove,删除项目,qdata-module-att/qdata-module-att-biz/src/main/java/tech/qiantong/qdata/module/att/controller/admin/project/AttProjectController.java,170,171,@DeleteMapping
132,qdata-server,att,8080,POST,/att/projectUserRel,AttProjectUserRelController,add,新增项目与用户关联关系,qdata-module-att/qdata-module-att-biz/src/main/java/tech/qiantong/qdata/module/att/controller/admin/project/AttProjectUserRelController.java,143,144,@PostMapping
133,qdata-server,att,8080,PUT,/att/projectUserRel,AttProjectUserRelController,edit,修改项目与用户关联关系,qdata-module-att/qdata-module-att-biz/src/main/java/tech/qiantong/qdata/module/att/controller/admin/project/AttProjectUserRelController.java,165,166,@PutMapping
134,qdata-server,att,8080,POST,/att/projectUserRel/addUserListAndRoleList,AttProjectUserRelController,addUserListAndRoleList,新增项目与用户关联关系,qdata-module-att/qdata-module-att-biz/src/main/java/tech/qiantong/qdata/module/att/controller/admin/project/AttProjectUserRelController.java,154,155,@PostMapping
135,qdata-server,att,8080,PUT,/att/projectUserRel/editUserListAndRoleList,AttProjectUserRelController,editUserListAndRoleList,修改项目与用户关联关系,qdata-module-att/qdata-module-att-biz/src/main/java/tech/qiantong/qdata/module/att/controller/admin/project/AttProjectUserRelController.java,176,177,@PutMapping
136,qdata-server,att,8080,POST,/att/projectUserRel/export,AttProjectUserRelController,export,导出项目与用户关联关系列表,qdata-module-att/qdata-module-att-biz/src/main/java/tech/qiantong/qdata/module/att/controller/admin/project/AttProjectUserRelController.java,104,105,@PostMapping
137,qdata-server,att,8080,POST,/att/projectUserRel/importData,AttProjectUserRelController,importData,导入项目与用户关联关系列表,qdata-module-att/qdata-module-att-biz/src/main/java/tech/qiantong/qdata/module/att/controller/admin/project/AttProjectUserRelController.java,115,116,@PostMapping
138,qdata-server,att,8080,GET,/att/projectUserRel/list,AttProjectUserRelController,list,查询项目与用户关联关系列表,qdata-module-att/qdata-module-att-biz/src/main/java/tech/qiantong/qdata/module/att/controller/admin/project/AttProjectUserRelController.java,95,96,@GetMapping
139,qdata-server,att,8080,POST,/att/projectUserRel/role,AttProjectUserRelController,add,删除项目与用户关联关系,qdata-module-att/qdata-module-att-biz/src/main/java/tech/qiantong/qdata/module/att/controller/admin/project/AttProjectUserRelController.java,224,225,@PostMapping
140,qdata-server,att,8080,PUT,/att/projectUserRel/role,AttProjectUserRelController,edit,,qdata-module-att/qdata-module-att-biz/src/main/java/tech/qiantong/qdata/module/att/controller/admin/project/AttProjectUserRelController.java,242,243,@PutMapping
141,qdata-server,att,8080,GET,/att/projectUserRel/role/authUser/allocatedList,AttProjectUserRelController,allocatedList,,qdata-module-att/qdata-module-att-biz/src/main/java/tech/qiantong/qdata/module/att/controller/admin/project/AttProjectUserRelController.java,323,324,@GetMapping
142,qdata-server,att,8080,PUT,/att/projectUserRel/role/authUser/cancel,AttProjectUserRelController,cancelAuthUser,,qdata-module-att/qdata-module-att-biz/src/main/java/tech/qiantong/qdata/module/att/controller/admin/project/AttProjectUserRelController.java,346,347,@PutMapping
143,qdata-server,att,8080,PUT,/att/projectUserRel/role/authUser/cancelAll,AttProjectUserRelController,cancelAuthUserAll,,qdata-module-att/qdata-module-att-biz/src/main/java/tech/qiantong/qdata/module/att/controller/admin/project/AttProjectUserRelController.java,356,357,@PutMapping
144,qdata-server,att,8080,PUT,/att/projectUserRel/role/authUser/selectAll,AttProjectUserRelController,selectAuthUserAll,,qdata-module-att/qdata-module-att-biz/src/main/java/tech/qiantong/qdata/module/att/controller/admin/project/AttProjectUserRelController.java,366,367,@PutMapping
145,qdata-server,att,8080,GET,/att/projectUserRel/role/authUser/unallocatedList,AttProjectUserRelController,unallocatedList,,qdata-module-att/qdata-module-att-biz/src/main/java/tech/qiantong/qdata/module/att/controller/admin/project/AttProjectUserRelController.java,334,335,@GetMapping
146,qdata-server,att,8080,PUT,/att/projectUserRel/role/changeStatus,AttProjectUserRelController,changeStatus,,qdata-module-att/qdata-module-att-biz/src/main/java/tech/qiantong/qdata/module/att/controller/admin/project/AttProjectUserRelController.java,285,286,@PutMapping
147,qdata-server,att,8080,PUT,/att/projectUserRel/role/dataScope,AttProjectUserRelController,dataScope,,qdata-module-att/qdata-module-att-biz/src/main/java/tech/qiantong/qdata/module/att/controller/admin/project/AttProjectUserRelController.java,273,274,@PutMapping
148,qdata-server,att,8080,GET,/att/projectUserRel/role/deptTree/{roleId},AttProjectUserRelController,deptTree,,qdata-module-att/qdata-module-att-biz/src/main/java/tech/qiantong/qdata/module/att/controller/admin/project/AttProjectUserRelController.java,376,377,@GetMapping
149,qdata-server,att,8080,POST,/att/projectUserRel/role/export,AttProjectUserRelController,export,删除项目与用户关联关系,qdata-module-att/qdata-module-att-biz/src/main/java/tech/qiantong/qdata/module/att/controller/admin/project/AttProjectUserRelController.java,202,203,@PostMapping
150,qdata-server,att,8080,GET,/att/projectUserRel/role/list,AttProjectUserRelController,list,删除项目与用户关联关系,qdata-module-att/qdata-module-att-biz/src/main/java/tech/qiantong/qdata/module/att/controller/admin/project/AttProjectUserRelController.java,193,194,@GetMapping
151,qdata-server,att,8080,GET,/att/projectUserRel/role/optionselect,AttProjectUserRelController,optionselect,,qdata-module-att/qdata-module-att-biz/src/main/java/tech/qiantong/qdata/module/att/controller/admin/project/AttProjectUserRelController.java,314,315,@GetMapping
152,qdata-server,att,8080,DELETE,/att/projectUserRel/role/{roleIds},AttProjectUserRelController,removeRole,,qdata-module-att/qdata-module-att-biz/src/main/java/tech/qiantong/qdata/module/att/controller/admin/project/AttProjectUserRelController.java,305,306,@DeleteMapping
153,qdata-server,att,8080,GET,/att/projectUserRel/role/{roleId},AttProjectUserRelController,getRoleInfo,删除项目与用户关联关系,qdata-module-att/qdata-module-att-biz/src/main/java/tech/qiantong/qdata/module/att/controller/admin/project/AttProjectUserRelController.java,213,214,@GetMapping
154,qdata-server,att,8080,GET,/att/projectUserRel/roleUser/{id},AttProjectUserRelController,getRoleUser,获取项目与用户关联关系详细信息包括角色信息,qdata-module-att/qdata-module-att-biz/src/main/java/tech/qiantong/qdata/module/att/controller/admin/project/AttProjectUserRelController.java,134,135,@GetMapping
155,qdata-server,att,8080,DELETE,/att/projectUserRel/{ids},AttProjectUserRelController,remove,删除项目与用户关联关系,qdata-module-att/qdata-module-att-biz/src/main/java/tech/qiantong/qdata/module/att/controller/admin/project/AttProjectUserRelController.java,187,188,@DeleteMapping
156,qdata-server,att,8080,GET,/att/projectUserRel/{id},AttProjectUserRelController,getInfo,获取项目与用户关联关系详细信息,qdata-module-att/qdata-module-att-biz/src/main/java/tech/qiantong/qdata/module/att/controller/admin/project/AttProjectUserRelController.java,126,127,@GetMapping
157,qdata-server,att,8080,POST,/att/qualityCat,AttQualityCatController,add,新增数据质量类目,qdata-module-att/qdata-module-att-biz/src/main/java/tech/qiantong/qdata/module/att/controller/admin/cat/AttQualityCatController.java,101,102,@PostMapping
158,qdata-server,att,8080,PUT,/att/qualityCat,AttQualityCatController,edit,修改数据质量类目,qdata-module-att/qdata-module-att-biz/src/main/java/tech/qiantong/qdata/module/att/controller/admin/cat/AttQualityCatController.java,112,113,@PutMapping
159,qdata-server,att,8080,POST,/att/qualityCat/export,AttQualityCatController,export,导出数据质量类目列表,qdata-module-att/qdata-module-att-biz/src/main/java/tech/qiantong/qdata/module/att/controller/admin/cat/AttQualityCatController.java,71,72,@PostMapping
160,qdata-server,att,8080,POST,/att/qualityCat/importData,AttQualityCatController,importData,导入数据质量类目列表,qdata-module-att/qdata-module-att-biz/src/main/java/tech/qiantong/qdata/module/att/controller/admin/cat/AttQualityCatController.java,82,83,@PostMapping
161,qdata-server,att,8080,GET,/att/qualityCat/list,AttQualityCatController,list,查询数据质量类目列表,qdata-module-att/qdata-module-att-biz/src/main/java/tech/qiantong/qdata/module/att/controller/admin/cat/AttQualityCatController.java,63,64,@GetMapping
162,qdata-server,att,8080,DELETE,/att/qualityCat/{ids},AttQualityCatController,remove,删除数据质量类目,qdata-module-att/qdata-module-att-biz/src/main/java/tech/qiantong/qdata/module/att/controller/admin/cat/AttQualityCatController.java,123,124,@DeleteMapping
163,qdata-server,att,8080,GET,/att/qualityCat/{id},AttQualityCatController,getInfo,获取数据质量类目详细信息,qdata-module-att/qdata-module-att-biz/src/main/java/tech/qiantong/qdata/module/att/controller/admin/cat/AttQualityCatController.java,92,93,@GetMapping
164,qdata-server,att,8080,POST,/att/sourceSystem,AttSourceSystemController,add,新增来源系统,qdata-module-att/qdata-module-att-biz/src/main/java/tech/qiantong/qdata/module/att/controller/admin/sourceSystem/AttSourceSystemController.java,114,115,@PostMapping
165,qdata-server,att,8080,PUT,/att/sourceSystem,AttSourceSystemController,edit,修改来源系统,qdata-module-att/qdata-module-att-biz/src/main/java/tech/qiantong/qdata/module/att/controller/admin/sourceSystem/AttSourceSystemController.java,125,126,@PutMapping
166,qdata-server,att,8080,POST,/att/sourceSystem/export,AttSourceSystemController,export,导出来源系统列表,qdata-module-att/qdata-module-att-biz/src/main/java/tech/qiantong/qdata/module/att/controller/admin/sourceSystem/AttSourceSystemController.java,83,84,@PostMapping
167,qdata-server,att,8080,POST,/att/sourceSystem/importData,AttSourceSystemController,importData,导入来源系统列表,qdata-module-att/qdata-module-att-biz/src/main/java/tech/qiantong/qdata/module/att/controller/admin/sourceSystem/AttSourceSystemController.java,94,95,@PostMapping
168,qdata-server,att,8080,GET,/att/sourceSystem/list,AttSourceSystemController,list,查询来源系统列表,qdata-module-att/qdata-module-att-biz/src/main/java/tech/qiantong/qdata/module/att/controller/admin/sourceSystem/AttSourceSystemController.java,66,67,@GetMapping
169,qdata-server,att,8080,GET,/att/sourceSystem/listValid,AttSourceSystemController,list,查询来源系统列表,qdata-module-att/qdata-module-att-biz/src/main/java/tech/qiantong/qdata/module/att/controller/admin/sourceSystem/AttSourceSystemController.java,74,75,@GetMapping
170,qdata-server,att,8080,DELETE,/att/sourceSystem/{ids},AttSourceSystemController,remove,删除来源系统,qdata-module-att/qdata-module-att-biz/src/main/java/tech/qiantong/qdata/module/att/controller/admin/sourceSystem/AttSourceSystemController.java,136,137,@DeleteMapping
171,qdata-server,att,8080,GET,/att/sourceSystem/{id},AttSourceSystemController,getInfo,获取来源系统详细信息,qdata-module-att/qdata-module-att-biz/src/main/java/tech/qiantong/qdata/module/att/controller/admin/sourceSystem/AttSourceSystemController.java,105,106,@GetMapping
172,qdata-server,att,8080,POST,/att/tag,AttTagController,add,新增标签管理,qdata-module-att/qdata-module-att-biz/src/main/java/tech/qiantong/qdata/module/att/controller/admin/tag/AttTagController.java,113,114,@PostMapping
173,qdata-server,att,8080,PUT,/att/tag,AttTagController,edit,修改标签管理,qdata-module-att/qdata-module-att-biz/src/main/java/tech/qiantong/qdata/module/att/controller/admin/tag/AttTagController.java,124,125,@PutMapping
174,qdata-server,att,8080,POST,/att/tag/export,AttTagController,export,导出标签管理列表,qdata-module-att/qdata-module-att-biz/src/main/java/tech/qiantong/qdata/module/att/controller/admin/tag/AttTagController.java,82,83,@PostMapping
175,qdata-server,att,8080,POST,/att/tag/importData,AttTagController,importData,导入标签管理列表,qdata-module-att/qdata-module-att-biz/src/main/java/tech/qiantong/qdata/module/att/controller/admin/tag/AttTagController.java,93,94,@PostMapping
176,qdata-server,att,8080,GET,/att/tag/list,AttTagController,list,查询标签管理列表,qdata-module-att/qdata-module-att-biz/src/main/java/tech/qiantong/qdata/module/att/controller/admin/tag/AttTagController.java,66,67,@GetMapping
177,qdata-server,att,8080,GET,/att/tag/listDict,AttTagController,list,查询标签管理列表,qdata-module-att/qdata-module-att-biz/src/main/java/tech/qiantong/qdata/module/att/controller/admin/tag/AttTagController.java,73,74,@GetMapping
178,qdata-server,att,8080,DELETE,/att/tag/{ids},AttTagController,remove,删除标签管理,qdata-module-att/qdata-module-att-biz/src/main/java/tech/qiantong/qdata/module/att/controller/admin/tag/AttTagController.java,135,136,@DeleteMapping
179,qdata-server,att,8080,GET,/att/tag/{id},AttTagController,getInfo,获取标签管理详细信息,qdata-module-att/qdata-module-att-biz/src/main/java/tech/qiantong/qdata/module/att/controller/admin/tag/AttTagController.java,104,105,@GetMapping
180,qdata-server,att,8080,POST,/att/tagAssetRel,AttTagAssetRelController,add,新增标签与资产关联关系,qdata-module-att/qdata-module-att-biz/src/main/java/tech/qiantong/qdata/module/att/controller/admin/tagAssetRel/AttTagAssetRelController.java,107,108,@PostMapping
181,qdata-server,att,8080,PUT,/att/tagAssetRel,AttTagAssetRelController,edit,修改标签与资产关联关系,qdata-module-att/qdata-module-att-biz/src/main/java/tech/qiantong/qdata/module/att/controller/admin/tagAssetRel/AttTagAssetRelController.java,118,119,@PutMapping
182,qdata-server,att,8080,DELETE,/att/tagAssetRel/delByTagIdAndAesstId,AttTagAssetRelController,delByTagIdAndAesstId,删除标签与资产关联关系,qdata-module-att/qdata-module-att-biz/src/main/java/tech/qiantong/qdata/module/att/controller/admin/tagAssetRel/AttTagAssetRelController.java,136,137,@DeleteMapping
183,qdata-server,att,8080,POST,/att/tagAssetRel/export,AttTagAssetRelController,export,导出标签与资产关联关系列表,qdata-module-att/qdata-module-att-biz/src/main/java/tech/qiantong/qdata/module/att/controller/admin/tagAssetRel/AttTagAssetRelController.java,76,77,@PostMapping
184,qdata-server,att,8080,POST,/att/tagAssetRel/importData,AttTagAssetRelController,importData,导入标签与资产关联关系列表,qdata-module-att/qdata-module-att-biz/src/main/java/tech/qiantong/qdata/module/att/controller/admin/tagAssetRel/AttTagAssetRelController.java,87,88,@PostMapping
185,qdata-server,att,8080,GET,/att/tagAssetRel/list,AttTagAssetRelController,list,查询标签与资产关联关系列表,qdata-module-att/qdata-module-att-biz/src/main/java/tech/qiantong/qdata/module/att/controller/admin/tagAssetRel/AttTagAssetRelController.java,65,66,@GetMapping
186,qdata-server,att,8080,DELETE,/att/tagAssetRel/{IDs},AttTagAssetRelController,remove,删除标签与资产关联关系,qdata-module-att/qdata-module-att-biz/src/main/java/tech/qiantong/qdata/module/att/controller/admin/tagAssetRel/AttTagAssetRelController.java,129,130,@DeleteMapping
187,qdata-server,att,8080,GET,/att/tagAssetRel/{ID},AttTagAssetRelController,getInfo,获取标签与资产关联关系详细信息,qdata-module-att/qdata-module-att-biz/src/main/java/tech/qiantong/qdata/module/att/controller/admin/tagAssetRel/AttTagAssetRelController.java,98,99,@GetMapping
188,qdata-server,att,8080,POST,/att/tagCat,AttTagCatController,add,新增标签类目管理,qdata-module-att/qdata-module-att-biz/src/main/java/tech/qiantong/qdata/module/att/controller/admin/cat/AttTagCatController.java,104,105,@PostMapping
189,qdata-server,att,8080,PUT,/att/tagCat,AttTagCatController,edit,修改标签类目管理,qdata-module-att/qdata-module-att-biz/src/main/java/tech/qiantong/qdata/module/att/controller/admin/cat/AttTagCatController.java,115,116,@PutMapping
190,qdata-server,att,8080,POST,/att/tagCat/export,AttTagCatController,export,导出标签类目管理列表,qdata-module-att/qdata-module-att-biz/src/main/java/tech/qiantong/qdata/module/att/controller/admin/cat/AttTagCatController.java,73,74,@PostMapping
191,qdata-server,att,8080,POST,/att/tagCat/importData,AttTagCatController,importData,导入标签类目管理列表,qdata-module-att/qdata-module-att-biz/src/main/java/tech/qiantong/qdata/module/att/controller/admin/cat/AttTagCatController.java,84,85,@PostMapping
192,qdata-server,att,8080,GET,/att/tagCat/list,AttTagCatController,list,查询标签类目管理列表,qdata-module-att/qdata-module-att-biz/src/main/java/tech/qiantong/qdata/module/att/controller/admin/cat/AttTagCatController.java,64,65,@GetMapping
193,qdata-server,att,8080,DELETE,/att/tagCat/{ID},AttTagCatController,remove,删除标签类目管理,qdata-module-att/qdata-module-att-biz/src/main/java/tech/qiantong/qdata/module/att/controller/admin/cat/AttTagCatController.java,135,136,@DeleteMapping
194,qdata-server,att,8080,GET,/att/tagCat/{id},AttTagCatController,getInfo,获取标签类目管理详细信息,qdata-module-att/qdata-module-att-biz/src/main/java/tech/qiantong/qdata/module/att/controller/admin/cat/AttTagCatController.java,95,96,@GetMapping
195,qdata-server,att,8080,POST,/att/taskCat,AttTaskCatController,add,新增数据集成任务类目管理,qdata-module-att/qdata-module-att-biz/src/main/java/tech/qiantong/qdata/module/att/controller/admin/cat/AttTaskCatController.java,126,127,@PostMapping
196,qdata-server,att,8080,PUT,/att/taskCat,AttTaskCatController,edit,修改数据集成任务类目管理,qdata-module-att/qdata-module-att-biz/src/main/java/tech/qiantong/qdata/module/att/controller/admin/cat/AttTaskCatController.java,137,138,@PutMapping
197,qdata-server,att,8080,POST,/att/taskCat/export,AttTaskCatController,export,导出数据集成任务类目管理列表,qdata-module-att/qdata-module-att-biz/src/main/java/tech/qiantong/qdata/module/att/controller/admin/cat/AttTaskCatController.java,72,73,@PostMapping
198,qdata-server,att,8080,GET,/att/taskCat/hasIntegrationTask/{id},AttTaskCatController,hasIntegrationTask,检查类目及其子类目下是否存在数据集成任务,qdata-module-att/qdata-module-att-biz/src/main/java/tech/qiantong/qdata/module/att/controller/admin/cat/AttTaskCatController.java,102,103,@GetMapping
199,qdata-server,att,8080,POST,/att/taskCat/importData,AttTaskCatController,importData,导入数据集成任务类目管理列表,qdata-module-att/qdata-module-att-biz/src/main/java/tech/qiantong/qdata/module/att/controller/admin/cat/AttTaskCatController.java,83,84,@PostMapping
200,qdata-server,att,8080,GET,/att/taskCat/integrationTaskCount/{id},AttTaskCatController,getIntegrationTaskCount,查询类目关联的数据集成任务数量,qdata-module-att/qdata-module-att-biz/src/main/java/tech/qiantong/qdata/module/att/controller/admin/cat/AttTaskCatController.java,118,119,@GetMapping
201,qdata-server,att,8080,GET,/att/taskCat/list,AttTaskCatController,list,查询数据集成任务类目管理列表,qdata-module-att/qdata-module-att-biz/src/main/java/tech/qiantong/qdata/module/att/controller/admin/cat/AttTaskCatController.java,63,64,@GetMapping
202,qdata-server,att,8080,GET,/att/taskCat/nameUsed,AttTaskCatController,isNameUsed,检查同一上级类目下名称是否已被使用,qdata-module-att/qdata-module-att-biz/src/main/java/tech/qiantong/qdata/module/att/controller/admin/cat/AttTaskCatController.java,109,110,@GetMapping
203,qdata-server,att,8080,DELETE,/att/taskCat/{ids},AttTaskCatController,remove,删除数据集成任务类目管理,qdata-module-att/qdata-module-att-biz/src/main/java/tech/qiantong/qdata/module/att/controller/admin/cat/AttTaskCatController.java,148,149,@DeleteMapping
204,qdata-server,att,8080,GET,/att/taskCat/{id},AttTaskCatController,getInfo,获取数据集成任务类目管理详细信息,qdata-module-att/qdata-module-att-biz/src/main/java/tech/qiantong/qdata/module/att/controller/admin/cat/AttTaskCatController.java,94,95,@GetMapping
205,qdata-server,att,8080,POST,/att/theme,AttThemeController,add,新增主题,qdata-module-att/qdata-module-att-biz/src/main/java/tech/qiantong/qdata/module/att/controller/admin/theme/AttThemeController.java,112,113,@PostMapping
206,qdata-server,att,8080,PUT,/att/theme,AttThemeController,edit,修改主题,qdata-module-att/qdata-module-att-biz/src/main/java/tech/qiantong/qdata/module/att/controller/admin/theme/AttThemeController.java,123,124,@PutMapping
207,qdata-server,att,8080,POST,/att/theme/export,AttThemeController,export,导出主题列表,qdata-module-att/qdata-module-att-biz/src/main/java/tech/qiantong/qdata/module/att/controller/admin/theme/AttThemeController.java,81,82,@PostMapping
208,qdata-server,att,8080,GET,/att/theme/getAttThemeListByReqVO,AttThemeController,getAttThemeListByReqVO,查询主题列表,qdata-module-att/qdata-module-att-biz/src/main/java/tech/qiantong/qdata/module/att/controller/admin/theme/AttThemeController.java,72,73,@GetMapping
209,qdata-server,att,8080,POST,/att/theme/importData,AttThemeController,importData,导入主题列表,qdata-module-att/qdata-module-att-biz/src/main/java/tech/qiantong/qdata/module/att/controller/admin/theme/AttThemeController.java,92,93,@PostMapping
210,qdata-server,att,8080,GET,/att/theme/list,AttThemeController,list,查询主题列表,qdata-module-att/qdata-module-att-biz/src/main/java/tech/qiantong/qdata/module/att/controller/admin/theme/AttThemeController.java,66,67,@GetMapping
211,qdata-server,att,8080,GET,/att/theme/{ID},AttThemeController,getInfo,获取主题详细信息,qdata-module-att/qdata-module-att-biz/src/main/java/tech/qiantong/qdata/module/att/controller/admin/theme/AttThemeController.java,103,104,@GetMapping
212,qdata-server,att,8080,DELETE,/att/theme/{ids},AttThemeController,remove,删除主题,qdata-module-att/qdata-module-att-biz/src/main/java/tech/qiantong/qdata/module/att/controller/admin/theme/AttThemeController.java,134,135,@DeleteMapping
213,qdata-server,da,8080,POST,/da/api,DaAssetApiController,add,新增数据资产-外部API,qdata-module-da/qdata-module-da-biz/src/main/java/tech/qiantong/qdata/module/da/controller/admin/assetchild/api/DaAssetApiController.java,108,109,@PostMapping
214,qdata-server,da,8080,PUT,/da/api,DaAssetApiController,edit,修改数据资产-外部API,qdata-module-da/qdata-module-da-biz/src/main/java/tech/qiantong/qdata/module/da/controller/admin/assetchild/api/DaAssetApiController.java,119,120,@PutMapping
215,qdata-server,da,8080,POST,/da/api/export,DaAssetApiController,export,导出数据资产-外部API列表,qdata-module-da/qdata-module-da-biz/src/main/java/tech/qiantong/qdata/module/da/controller/admin/assetchild/api/DaAssetApiController.java,77,78,@PostMapping
216,qdata-server,da,8080,POST,/da/api/importData,DaAssetApiController,importData,导入数据资产-外部API列表,qdata-module-da/qdata-module-da-biz/src/main/java/tech/qiantong/qdata/module/da/controller/admin/assetchild/api/DaAssetApiController.java,88,89,@PostMapping
217,qdata-server,da,8080,GET,/da/api/list,DaAssetApiController,list,查询数据资产-外部API列表,qdata-module-da/qdata-module-da-biz/src/main/java/tech/qiantong/qdata/module/da/controller/admin/assetchild/api/DaAssetApiController.java,68,69,@GetMapping
218,qdata-server,da,8080,POST,/da/api/queryServiceForwarding,DaAssetApiController,queryServiceForwarding,删除数据资产-外部API,qdata-module-da/qdata-module-da-biz/src/main/java/tech/qiantong/qdata/module/da/controller/admin/assetchild/api/DaAssetApiController.java,138,139,@PostMapping
219,qdata-server,da,8080,DELETE,/da/api/{ids},DaAssetApiController,remove,删除数据资产-外部API,qdata-module-da/qdata-module-da-biz/src/main/java/tech/qiantong/qdata/module/da/controller/admin/assetchild/api/DaAssetApiController.java,130,131,@DeleteMapping
220,qdata-server,da,8080,GET,/da/api/{id},DaAssetApiController,getInfo,获取数据资产-外部API详细信息,qdata-module-da/qdata-module-da-biz/src/main/java/tech/qiantong/qdata/module/da/controller/admin/assetchild/api/DaAssetApiController.java,99,100,@GetMapping
221,qdata-server,da,8080,POST,/da/asset,DaAssetController,add,新增数据资产,qdata-module-da/qdata-module-da-biz/src/main/java/tech/qiantong/qdata/module/da/controller/admin/asset/DaAssetController.java,297,298,@PostMapping
222,qdata-server,da,8080,PUT,/da/asset,DaAssetController,edit,修改数据资产,qdata-module-da/qdata-module-da-biz/src/main/java/tech/qiantong/qdata/module/da/controller/admin/asset/DaAssetController.java,326,327,@PutMapping
223,qdata-server,da,8080,POST,/da/asset/batch,DaAssetController,batchAdd,批量新增数据资产,qdata-module-da/qdata-module-da-biz/src/main/java/tech/qiantong/qdata/module/da/controller/admin/asset/DaAssetController.java,308,309,@PostMapping
224,qdata-server,da,8080,POST,/da/asset/bindResources,DaAssetController,bindResources,数据资产绑定资源,qdata-module-da/qdata-module-da-biz/src/main/java/tech/qiantong/qdata/module/da/controller/admin/asset/DaAssetController.java,286,287,@PostMapping
225,qdata-server,da,8080,GET,/da/asset/dataLineage/{id},DaAssetController,dataLineage,删除数据资产,qdata-module-da/qdata-module-da-biz/src/main/java/tech/qiantong/qdata/module/da/controller/admin/asset/DaAssetController.java,363,364,@GetMapping
226,qdata-server,da,8080,GET,/da/asset/dpp/list,DaAssetController,dppList,查询数据研发下的数据资产列表,qdata-module-da/qdata-module-da-biz/src/main/java/tech/qiantong/qdata/module/da/controller/admin/asset/DaAssetController.java,182,183,@GetMapping
227,qdata-server,da,8080,GET,/da/asset/dpp/noPage/list,DaAssetController,dppNoPageList,查询数据研发下的数据资产全部不分页列表,qdata-module-da/qdata-module-da-biz/src/main/java/tech/qiantong/qdata/module/da/controller/admin/asset/DaAssetController.java,205,206,@GetMapping
228,qdata-server,da,8080,POST,/da/asset/export,DaAssetController,export,导出数据资产列表,qdata-module-da/qdata-module-da-biz/src/main/java/tech/qiantong/qdata/module/da/controller/admin/asset/DaAssetController.java,232,233,@PostMapping
229,qdata-server,da,8080,GET,/da/asset/getDaAssetRespList,DaAssetController,getDaAssetRespList,查询资产表,qdata-module-da/qdata-module-da-biz/src/main/java/tech/qiantong/qdata/module/da/controller/admin/asset/DaAssetController.java,222,223,@GetMapping
230,qdata-server,da,8080,GET,/da/asset/getTablesByDataSourceId,DaAssetController,getTablesByDataSourceId,查询资产表,qdata-module-da/qdata-module-da-biz/src/main/java/tech/qiantong/qdata/module/da/controller/admin/asset/DaAssetController.java,213,214,@GetMapping
231,qdata-server,da,8080,GET,/da/asset/getTreeData,DaAssetController,getTree,获取树类目数据（多个数据组合而来）,qdata-module-da/qdata-module-da-biz/src/main/java/tech/qiantong/qdata/module/da/controller/admin/asset/DaAssetController.java,369,370,@GetMapping
232,qdata-server,da,8080,POST,/da/asset/importData,DaAssetController,importData,导入数据资产列表,qdata-module-da/qdata-module-da-biz/src/main/java/tech/qiantong/qdata/module/da/controller/admin/asset/DaAssetController.java,243,244,@PostMapping
233,qdata-server,da,8080,GET,/da/asset/list,DaAssetController,list,查询数据资产列表,qdata-module-da/qdata-module-da-biz/src/main/java/tech/qiantong/qdata/module/da/controller/admin/asset/DaAssetController.java,88,89,@GetMapping
234,qdata-server,da,8080,GET,/da/asset/listAll,DaAssetController,listAll,查询数据资产列表不分页,qdata-module-da/qdata-module-da-biz/src/main/java/tech/qiantong/qdata/module/da/controller/admin/asset/DaAssetController.java,114,115,@GetMapping
235,qdata-server,da,8080,GET,/da/asset/listAssetTag,DaAssetController,listAssetTag,查询数据资产列表,qdata-module-da/qdata-module-da-biz/src/main/java/tech/qiantong/qdata/module/da/controller/admin/asset/DaAssetController.java,167,168,@GetMapping
236,qdata-server,da,8080,GET,/da/asset/listByIds/{ids},DaAssetController,list,查询数据资产列表,qdata-module-da/qdata-module-da-biz/src/main/java/tech/qiantong/qdata/module/da/controller/admin/asset/DaAssetController.java,196,197,@GetMapping
237,qdata-server,da,8080,GET,/da/asset/listRelRule,DaAssetController,listRelRule,删除数据资产,qdata-module-da/qdata-module-da-biz/src/main/java/tech/qiantong/qdata/module/da/controller/admin/asset/DaAssetController.java,348,349,@GetMapping
238,qdata-server,da,8080,GET,/da/asset/listRelRule/v2,DaAssetController,listRelRule,删除数据资产,qdata-module-da/qdata-module-da-biz/src/main/java/tech/qiantong/qdata/module/da/controller/admin/asset/DaAssetController.java,354,355,@GetMapping
239,qdata-server,da,8080,POST,/da/asset/preview,DaAssetController,getPreview,获取数据资产详细信息预览数据,qdata-module-da/qdata-module-da-biz/src/main/java/tech/qiantong/qdata/module/da/controller/admin/asset/DaAssetController.java,261,262,@PostMapping
240,qdata-server,da,8080,PUT,/da/asset/startDaDiscoveryTask,DaAssetController,startDaDiscoveryTask,删除数据资产,qdata-module-da/qdata-module-da-biz/src/main/java/tech/qiantong/qdata/module/da/controller/admin/asset/DaAssetController.java,343,344,@PutMapping
241,qdata-server,da,8080,DELETE,/da/asset/{ID},DaAssetController,remove,删除数据资产,qdata-module-da/qdata-module-da-biz/src/main/java/tech/qiantong/qdata/module/da/controller/admin/asset/DaAssetController.java,337,338,@DeleteMapping
242,qdata-server,da,8080,GET,/da/asset/{id},DaAssetController,getInfo,获取数据资产详细信息,qdata-module-da/qdata-module-da-biz/src/main/java/tech/qiantong/qdata/module/da/controller/admin/asset/DaAssetController.java,254,255,@GetMapping
243,qdata-server,da,8080,POST,/da/assetApiParam,DaAssetApiParamController,add,新增数据资产-外部API-参数,qdata-module-da/qdata-module-da-biz/src/main/java/tech/qiantong/qdata/module/da/controller/admin/assetchild/api/DaAssetApiParamController.java,113,114,@PostMapping
244,qdata-server,da,8080,PUT,/da/assetApiParam,DaAssetApiParamController,edit,修改数据资产-外部API-参数,qdata-module-da/qdata-module-da-biz/src/main/java/tech/qiantong/qdata/module/da/controller/admin/assetchild/api/DaAssetApiParamController.java,124,125,@PutMapping
245,qdata-server,da,8080,POST,/da/assetApiParam/export,DaAssetApiParamController,export,导出数据资产-外部API-参数列表,qdata-module-da/qdata-module-da-biz/src/main/java/tech/qiantong/qdata/module/da/controller/admin/assetchild/api/DaAssetApiParamController.java,82,83,@PostMapping
246,qdata-server,da,8080,GET,/da/assetApiParam/getDaAssetApiParamList,DaAssetApiParamController,getDaAssetApiParamList,查询数据资产-外部API-参数列表,qdata-module-da/qdata-module-da-biz/src/main/java/tech/qiantong/qdata/module/da/controller/admin/assetchild/api/DaAssetApiParamController.java,74,75,@GetMapping
247,qdata-server,da,8080,POST,/da/assetApiParam/importData,DaAssetApiParamController,importData,导入数据资产-外部API-参数列表,qdata-module-da/qdata-module-da-biz/src/main/java/tech/qiantong/qdata/module/da/controller/admin/assetchild/api/DaAssetApiParamController.java,93,94,@PostMapping
248,qdata-server,da,8080,GET,/da/assetApiParam/list,DaAssetApiParamController,list,查询数据资产-外部API-参数列表,qdata-module-da/qdata-module-da-biz/src/main/java/tech/qiantong/qdata/module/da/controller/admin/assetchild/api/DaAssetApiParamController.java,66,67,@GetMapping
249,qdata-server,da,8080,DELETE,/da/assetApiParam/{ids},DaAssetApiParamController,remove,删除数据资产-外部API-参数,qdata-module-da/qdata-module-da-biz/src/main/java/tech/qiantong/qdata/module/da/controller/admin/assetchild/api/DaAssetApiParamController.java,135,136,@DeleteMapping
250,qdata-server,da,8080,GET,/da/assetApiParam/{id},DaAssetApiParamController,getInfo,获取数据资产-外部API-参数详细信息,qdata-module-da/qdata-module-da-biz/src/main/java/tech/qiantong/qdata/module/da/controller/admin/assetchild/api/DaAssetApiParamController.java,104,105,@GetMapping
251,qdata-server,da,8080,POST,/da/assetApply,DaAssetApplyController,add,新增数据资产申请,qdata-module-da/qdata-module-da-biz/src/main/java/tech/qiantong/qdata/module/da/controller/admin/daAssetApply/DaAssetApplyController.java,107,108,@PostMapping
252,qdata-server,da,8080,PUT,/da/assetApply,DaAssetApplyController,edit,修改数据资产申请,qdata-module-da/qdata-module-da-biz/src/main/java/tech/qiantong/qdata/module/da/controller/admin/daAssetApply/DaAssetApplyController.java,118,119,@PutMapping
253,qdata-server,da,8080,POST,/da/assetApply/export,DaAssetApplyController,export,导出数据资产申请列表,qdata-module-da/qdata-module-da-biz/src/main/java/tech/qiantong/qdata/module/da/controller/admin/daAssetApply/DaAssetApplyController.java,76,77,@PostMapping
254,qdata-server,da,8080,POST,/da/assetApply/importData,DaAssetApplyController,importData,导入数据资产申请列表,qdata-module-da/qdata-module-da-biz/src/main/java/tech/qiantong/qdata/module/da/controller/admin/daAssetApply/DaAssetApplyController.java,87,88,@PostMapping
255,qdata-server,da,8080,GET,/da/assetApply/list,DaAssetApplyController,list,查询数据资产申请列表,qdata-module-da/qdata-module-da-biz/src/main/java/tech/qiantong/qdata/module/da/controller/admin/daAssetApply/DaAssetApplyController.java,66,67,@GetMapping
256,qdata-server,da,8080,DELETE,/da/assetApply/{ids},DaAssetApplyController,remove,删除数据资产申请,qdata-module-da/qdata-module-da-biz/src/main/java/tech/qiantong/qdata/module/da/controller/admin/daAssetApply/DaAssetApplyController.java,129,130,@DeleteMapping
257,qdata-server,da,8080,GET,/da/assetApply/{id},DaAssetApplyController,getInfo,获取数据资产申请详细信息,qdata-module-da/qdata-module-da-biz/src/main/java/tech/qiantong/qdata/module/da/controller/admin/daAssetApply/DaAssetApplyController.java,98,99,@GetMapping
258,qdata-server,da,8080,POST,/da/assetAuditAlert,DaAssetAuditAlertController,add,新增数据资产-质量预警,qdata-module-da/qdata-module-da-biz/src/main/java/tech/qiantong/qdata/module/da/controller/admin/assetchild/audit/DaAssetAuditAlertController.java,106,107,@PostMapping
259,qdata-server,da,8080,PUT,/da/assetAuditAlert,DaAssetAuditAlertController,edit,修改数据资产-质量预警,qdata-module-da/qdata-module-da-biz/src/main/java/tech/qiantong/qdata/module/da/controller/admin/assetchild/audit/DaAssetAuditAlertController.java,117,118,@PutMapping
260,qdata-server,da,8080,POST,/da/assetAuditAlert/export,DaAssetAuditAlertController,export,导出数据资产-质量预警列表,qdata-module-da/qdata-module-da-biz/src/main/java/tech/qiantong/qdata/module/da/controller/admin/assetchild/audit/DaAssetAuditAlertController.java,75,76,@PostMapping
261,qdata-server,da,8080,POST,/da/assetAuditAlert/importData,DaAssetAuditAlertController,importData,导入数据资产-质量预警列表,qdata-module-da/qdata-module-da-biz/src/main/java/tech/qiantong/qdata/module/da/controller/admin/assetchild/audit/DaAssetAuditAlertController.java,86,87,@PostMapping
262,qdata-server,da,8080,GET,/da/assetAuditAlert/list,DaAssetAuditAlertController,list,查询数据资产-质量预警列表,qdata-module-da/qdata-module-da-biz/src/main/java/tech/qiantong/qdata/module/da/controller/admin/assetchild/audit/DaAssetAuditAlertController.java,66,67,@GetMapping
263,qdata-server,da,8080,DELETE,/da/assetAuditAlert/{ids},DaAssetAuditAlertController,remove,删除数据资产-质量预警,qdata-module-da/qdata-module-da-biz/src/main/java/tech/qiantong/qdata/module/da/controller/admin/assetchild/audit/DaAssetAuditAlertController.java,128,129,@DeleteMapping
264,qdata-server,da,8080,GET,/da/assetAuditAlert/{id},DaAssetAuditAlertController,getInfo,获取数据资产-质量预警详细信息,qdata-module-da/qdata-module-da-biz/src/main/java/tech/qiantong/qdata/module/da/controller/admin/assetchild/audit/DaAssetAuditAlertController.java,97,98,@GetMapping
265,qdata-server,da,8080,POST,/da/assetAuditRule,DaAssetAuditRuleController,add,新增数据资产质量结果记录,qdata-module-da/qdata-module-da-biz/src/main/java/tech/qiantong/qdata/module/da/controller/admin/assetchild/audit/DaAssetAuditRuleController.java,106,107,@PostMapping
266,qdata-server,da,8080,PUT,/da/assetAuditRule,DaAssetAuditRuleController,edit,修改数据资产质量结果记录,qdata-module-da/qdata-module-da-biz/src/main/java/tech/qiantong/qdata/module/da/controller/admin/assetchild/audit/DaAssetAuditRuleController.java,117,118,@PutMapping
267,qdata-server,da,8080,POST,/da/assetAuditRule/export,DaAssetAuditRuleController,export,导出数据资产质量结果记录列表,qdata-module-da/qdata-module-da-biz/src/main/java/tech/qiantong/qdata/module/da/controller/admin/assetchild/audit/DaAssetAuditRuleController.java,75,76,@PostMapping
268,qdata-server,da,8080,POST,/da/assetAuditRule/importData,DaAssetAuditRuleController,importData,导入数据资产质量结果记录列表,qdata-module-da/qdata-module-da-biz/src/main/java/tech/qiantong/qdata/module/da/controller/admin/assetchild/audit/DaAssetAuditRuleController.java,86,87,@PostMapping
269,qdata-server,da,8080,GET,/da/assetAuditRule/list,DaAssetAuditRuleController,list,查询数据资产质量结果记录列表,qdata-module-da/qdata-module-da-biz/src/main/java/tech/qiantong/qdata/module/da/controller/admin/assetchild/audit/DaAssetAuditRuleController.java,66,67,@GetMapping
270,qdata-server,da,8080,DELETE,/da/assetAuditRule/{ids},DaAssetAuditRuleController,remove,删除数据资产质量结果记录,qdata-module-da/qdata-module-da-biz/src/main/java/tech/qiantong/qdata/module/da/controller/admin/assetchild/audit/DaAssetAuditRuleController.java,128,129,@DeleteMapping
271,qdata-server,da,8080,GET,/da/assetAuditRule/{id},DaAssetAuditRuleController,getInfo,获取数据资产质量结果记录详细信息,qdata-module-da/qdata-module-da-biz/src/main/java/tech/qiantong/qdata/module/da/controller/admin/assetchild/audit/DaAssetAuditRuleController.java,97,98,@GetMapping
272,qdata-server,da,8080,POST,/da/assetAuditSchedule,DaAssetAuditScheduleController,add,新增资产稽查调度,qdata-module-da/qdata-module-da-biz/src/main/java/tech/qiantong/qdata/module/da/controller/admin/assetchild/audit/DaAssetAuditScheduleController.java,106,107,@PostMapping
273,qdata-server,da,8080,PUT,/da/assetAuditSchedule,DaAssetAuditScheduleController,edit,修改资产稽查调度,qdata-module-da/qdata-module-da-biz/src/main/java/tech/qiantong/qdata/module/da/controller/admin/assetchild/audit/DaAssetAuditScheduleController.java,117,118,@PutMapping
274,qdata-server,da,8080,POST,/da/assetAuditSchedule/export,DaAssetAuditScheduleController,export,导出资产稽查调度列表,qdata-module-da/qdata-module-da-biz/src/main/java/tech/qiantong/qdata/module/da/controller/admin/assetchild/audit/DaAssetAuditScheduleController.java,75,76,@PostMapping
275,qdata-server,da,8080,POST,/da/assetAuditSchedule/importData,DaAssetAuditScheduleController,importData,导入资产稽查调度列表,qdata-module-da/qdata-module-da-biz/src/main/java/tech/qiantong/qdata/module/da/controller/admin/assetchild/audit/DaAssetAuditScheduleController.java,86,87,@PostMapping
276,qdata-server,da,8080,GET,/da/assetAuditSchedule/list,DaAssetAuditScheduleController,list,查询资产稽查调度列表,qdata-module-da/qdata-module-da-biz/src/main/java/tech/qiantong/qdata/module/da/controller/admin/assetchild/audit/DaAssetAuditScheduleController.java,66,67,@GetMapping
277,qdata-server,da,8080,DELETE,/da/assetAuditSchedule/{ids},DaAssetAuditScheduleController,remove,删除资产稽查调度,qdata-module-da/qdata-module-da-biz/src/main/java/tech/qiantong/qdata/module/da/controller/admin/assetchild/audit/DaAssetAuditScheduleController.java,128,129,@DeleteMapping
278,qdata-server,da,8080,GET,/da/assetAuditSchedule/{id},DaAssetAuditScheduleController,getInfo,获取资产稽查调度详细信息,qdata-module-da/qdata-module-da-biz/src/main/java/tech/qiantong/qdata/module/da/controller/admin/assetchild/audit/DaAssetAuditScheduleController.java,97,98,@GetMapping
279,qdata-server,da,8080,POST,/da/assetColumn,DaAssetColumnController,add,新增数据资产字段,qdata-module-da/qdata-module-da-biz/src/main/java/tech/qiantong/qdata/module/da/controller/admin/assetColumn/DaAssetColumnController.java,114,115,@PostMapping
280,qdata-server,da,8080,PUT,/da/assetColumn,DaAssetColumnController,edit,修改数据资产字段,qdata-module-da/qdata-module-da-biz/src/main/java/tech/qiantong/qdata/module/da/controller/admin/assetColumn/DaAssetColumnController.java,125,126,@PutMapping
281,qdata-server,da,8080,POST,/da/assetColumn/export,DaAssetColumnController,export,导出数据资产字段列表,qdata-module-da/qdata-module-da-biz/src/main/java/tech/qiantong/qdata/module/da/controller/admin/assetColumn/DaAssetColumnController.java,83,84,@PostMapping
282,qdata-server,da,8080,GET,/da/assetColumn/getColumnByAssetId,DaAssetColumnController,getColumnByAssetId,根据选择的资产表id信息查询字段信息,qdata-module-da/qdata-module-da-biz/src/main/java/tech/qiantong/qdata/module/da/controller/admin/assetColumn/DaAssetColumnController.java,75,76,@GetMapping
283,qdata-server,da,8080,POST,/da/assetColumn/importData,DaAssetColumnController,importData,导入数据资产字段列表,qdata-module-da/qdata-module-da-biz/src/main/java/tech/qiantong/qdata/module/da/controller/admin/assetColumn/DaAssetColumnController.java,94,95,@PostMapping
284,qdata-server,da,8080,GET,/da/assetColumn/list,DaAssetColumnController,list,查询数据资产字段列表,qdata-module-da/qdata-module-da-biz/src/main/java/tech/qiantong/qdata/module/da/controller/admin/assetColumn/DaAssetColumnController.java,66,67,@GetMapping
285,qdata-server,da,8080,DELETE,/da/assetColumn/{ids},DaAssetColumnController,remove,删除数据资产字段,qdata-module-da/qdata-module-da-biz/src/main/java/tech/qiantong/qdata/module/da/controller/admin/assetColumn/DaAssetColumnController.java,136,137,@DeleteMapping
286,qdata-server,da,8080,GET,/da/assetColumn/{id},DaAssetColumnController,getInfo,获取数据资产字段详细信息,qdata-module-da/qdata-module-da-biz/src/main/java/tech/qiantong/qdata/module/da/controller/admin/assetColumn/DaAssetColumnController.java,105,106,@GetMapping
287,qdata-server,da,8080,POST,/da/assetFiles,DaAssetFilesController,add,新增数据资产-文件服务,qdata-module-da/qdata-module-da-biz/src/main/java/tech/qiantong/qdata/module/da/controller/admin/assetchild/files/DaAssetFilesController.java,106,107,@PostMapping
288,qdata-server,da,8080,PUT,/da/assetFiles,DaAssetFilesController,edit,修改数据资产-文件服务,qdata-module-da/qdata-module-da-biz/src/main/java/tech/qiantong/qdata/module/da/controller/admin/assetchild/files/DaAssetFilesController.java,117,118,@PutMapping
289,qdata-server,da,8080,POST,/da/assetFiles/export,DaAssetFilesController,export,导出数据资产-文件服务列表,qdata-module-da/qdata-module-da-biz/src/main/java/tech/qiantong/qdata/module/da/controller/admin/assetchild/files/DaAssetFilesController.java,75,76,@PostMapping
290,qdata-server,da,8080,POST,/da/assetFiles/importData,DaAssetFilesController,importData,导入数据资产-文件服务列表,qdata-module-da/qdata-module-da-biz/src/main/java/tech/qiantong/qdata/module/da/controller/admin/assetchild/files/DaAssetFilesController.java,86,87,@PostMapping
291,qdata-server,da,8080,GET,/da/assetFiles/list,DaAssetFilesController,list,查询数据资产-文件服务列表,qdata-module-da/qdata-module-da-biz/src/main/java/tech/qiantong/qdata/module/da/controller/admin/assetchild/files/DaAssetFilesController.java,66,67,@GetMapping
292,qdata-server,da,8080,DELETE,/da/assetFiles/{ids},DaAssetFilesController,remove,删除数据资产-文件服务,qdata-module-da/qdata-module-da-biz/src/main/java/tech/qiantong/qdata/module/da/controller/admin/assetchild/files/DaAssetFilesController.java,128,129,@DeleteMapping
293,qdata-server,da,8080,GET,/da/assetFiles/{id},DaAssetFilesController,getInfo,获取数据资产-文件服务详细信息,qdata-module-da/qdata-module-da-biz/src/main/java/tech/qiantong/qdata/module/da/controller/admin/assetchild/files/DaAssetFilesController.java,97,98,@GetMapping
294,qdata-server,da,8080,POST,/da/assetGeo,DaAssetGeoController,add,新增数据资产-矢量,qdata-module-da/qdata-module-da-biz/src/main/java/tech/qiantong/qdata/module/da/controller/admin/assetchild/geo/DaAssetGeoController.java,106,107,@PostMapping
295,qdata-server,da,8080,PUT,/da/assetGeo,DaAssetGeoController,edit,修改数据资产-矢量,qdata-module-da/qdata-module-da-biz/src/main/java/tech/qiantong/qdata/module/da/controller/admin/assetchild/geo/DaAssetGeoController.java,117,118,@PutMapping
296,qdata-server,da,8080,POST,/da/assetGeo/export,DaAssetGeoController,export,导出数据资产-矢量列表,qdata-module-da/qdata-module-da-biz/src/main/java/tech/qiantong/qdata/module/da/controller/admin/assetchild/geo/DaAssetGeoController.java,75,76,@PostMapping
297,qdata-server,da,8080,POST,/da/assetGeo/importData,DaAssetGeoController,importData,导入数据资产-矢量列表,qdata-module-da/qdata-module-da-biz/src/main/java/tech/qiantong/qdata/module/da/controller/admin/assetchild/geo/DaAssetGeoController.java,86,87,@PostMapping
298,qdata-server,da,8080,GET,/da/assetGeo/list,DaAssetGeoController,list,查询数据资产-矢量列表,qdata-module-da/qdata-module-da-biz/src/main/java/tech/qiantong/qdata/module/da/controller/admin/assetchild/geo/DaAssetGeoController.java,66,67,@GetMapping
299,qdata-server,da,8080,DELETE,/da/assetGeo/{ids},DaAssetGeoController,remove,删除数据资产-矢量,qdata-module-da/qdata-module-da-biz/src/main/java/tech/qiantong/qdata/module/da/controller/admin/assetchild/geo/DaAssetGeoController.java,128,129,@DeleteMapping
300,qdata-server,da,8080,GET,/da/assetGeo/{id},DaAssetGeoController,getInfo,获取数据资产-矢量详细信息,qdata-module-da/qdata-module-da-biz/src/main/java/tech/qiantong/qdata/module/da/controller/admin/assetchild/geo/DaAssetGeoController.java,97,98,@GetMapping
301,qdata-server,da,8080,POST,/da/assetGis,DaAssetGisController,add,新增数据资产-地理空间服务,qdata-module-da/qdata-module-da-biz/src/main/java/tech/qiantong/qdata/module/da/controller/admin/assetchild/gis/DaAssetGisController.java,108,109,@PostMapping
302,qdata-server,da,8080,PUT,/da/assetGis,DaAssetGisController,edit,修改数据资产-地理空间服务,qdata-module-da/qdata-module-da-biz/src/main/java/tech/qiantong/qdata/module/da/controller/admin/assetchild/gis/DaAssetGisController.java,119,120,@PutMapping
303,qdata-server,da,8080,POST,/da/assetGis/export,DaAssetGisController,export,导出数据资产-地理空间服务列表,qdata-module-da/qdata-module-da-biz/src/main/java/tech/qiantong/qdata/module/da/controller/admin/assetchild/gis/DaAssetGisController.java,77,78,@PostMapping
304,qdata-server,da,8080,POST,/da/assetGis/importData,DaAssetGisController,importData,导入数据资产-地理空间服务列表,qdata-module-da/qdata-module-da-biz/src/main/java/tech/qiantong/qdata/module/da/controller/admin/assetchild/gis/DaAssetGisController.java,88,89,@PostMapping
305,qdata-server,da,8080,GET,/da/assetGis/list,DaAssetGisController,list,查询数据资产-地理空间服务列表,qdata-module-da/qdata-module-da-biz/src/main/java/tech/qiantong/qdata/module/da/controller/admin/assetchild/gis/DaAssetGisController.java,68,69,@GetMapping
306,qdata-server,da,8080,POST,/da/assetGis/queryServiceForwarding,DaAssetGisController,queryServiceForwarding,删除数据资产-视频,qdata-module-da/qdata-module-da-biz/src/main/java/tech/qiantong/qdata/module/da/controller/admin/assetchild/gis/DaAssetGisController.java,139,140,@PostMapping
307,qdata-server,da,8080,DELETE,/da/assetGis/{ids},DaAssetGisController,remove,删除数据资产-地理空间服务,qdata-module-da/qdata-module-da-biz/src/main/java/tech/qiantong/qdata/module/da/controller/admin/assetchild/gis/DaAssetGisController.java,130,131,@DeleteMapping
308,qdata-server,da,8080,GET,/da/assetGis/{id},DaAssetGisController,getInfo,获取数据资产-地理空间服务详细信息,qdata-module-da/qdata-module-da-biz/src/main/java/tech/qiantong/qdata/module/da/controller/admin/assetchild/gis/DaAssetGisController.java,99,100,@GetMapping
309,qdata-server,da,8080,POST,/da/assetOperateApply,DaAssetOperateApplyController,add,新增数据资产操作申请,qdata-module-da/qdata-module-da-biz/src/main/java/tech/qiantong/qdata/module/da/controller/admin/assetchild/operate/DaAssetOperateApplyController.java,106,107,@PostMapping
310,qdata-server,da,8080,PUT,/da/assetOperateApply,DaAssetOperateApplyController,edit,修改数据资产操作申请,qdata-module-da/qdata-module-da-biz/src/main/java/tech/qiantong/qdata/module/da/controller/admin/assetchild/operate/DaAssetOperateApplyController.java,117,118,@PutMapping
311,qdata-server,da,8080,POST,/da/assetOperateApply/export,DaAssetOperateApplyController,export,导出数据资产操作申请列表,qdata-module-da/qdata-module-da-biz/src/main/java/tech/qiantong/qdata/module/da/controller/admin/assetchild/operate/DaAssetOperateApplyController.java,75,76,@PostMapping
312,qdata-server,da,8080,POST,/da/assetOperateApply/importData,DaAssetOperateApplyController,importData,导入数据资产操作申请列表,qdata-module-da/qdata-module-da-biz/src/main/java/tech/qiantong/qdata/module/da/controller/admin/assetchild/operate/DaAssetOperateApplyController.java,86,87,@PostMapping
313,qdata-server,da,8080,GET,/da/assetOperateApply/list,DaAssetOperateApplyController,list,查询数据资产操作申请列表,qdata-module-da/qdata-module-da-biz/src/main/java/tech/qiantong/qdata/module/da/controller/admin/assetchild/operate/DaAssetOperateApplyController.java,66,67,@GetMapping
314,qdata-server,da,8080,DELETE,/da/assetOperateApply/{ids},DaAssetOperateApplyController,remove,删除数据资产操作申请,qdata-module-da/qdata-module-da-biz/src/main/java/tech/qiantong/qdata/module/da/controller/admin/assetchild/operate/DaAssetOperateApplyController.java,128,129,@DeleteMapping
315,qdata-server,da,8080,GET,/da/assetOperateApply/{id},DaAssetOperateApplyController,getInfo,获取数据资产操作申请详细信息,qdata-module-da/qdata-module-da-biz/src/main/java/tech/qiantong/qdata/module/da/controller/admin/assetchild/operate/DaAssetOperateApplyController.java,97,98,@GetMapping
316,qdata-server,da,8080,POST,/da/assetOperateLog,DaAssetOperateLogController,add,新增数据资产操作记录,qdata-module-da/qdata-module-da-biz/src/main/java/tech/qiantong/qdata/module/da/controller/admin/assetchild/operate/DaAssetOperateLogController.java,107,108,@PostMapping
317,qdata-server,da,8080,PUT,/da/assetOperateLog,DaAssetOperateLogController,edit,修改数据资产操作记录,qdata-module-da/qdata-module-da-biz/src/main/java/tech/qiantong/qdata/module/da/controller/admin/assetchild/operate/DaAssetOperateLogController.java,118,119,@PutMapping
318,qdata-server,da,8080,POST,/da/assetOperateLog/export,DaAssetOperateLogController,export,导出数据资产操作记录列表,qdata-module-da/qdata-module-da-biz/src/main/java/tech/qiantong/qdata/module/da/controller/admin/assetchild/operate/DaAssetOperateLogController.java,76,77,@PostMapping
319,qdata-server,da,8080,POST,/da/assetOperateLog/importData,DaAssetOperateLogController,importData,导入数据资产操作记录列表,qdata-module-da/qdata-module-da-biz/src/main/java/tech/qiantong/qdata/module/da/controller/admin/assetchild/operate/DaAssetOperateLogController.java,87,88,@PostMapping
320,qdata-server,da,8080,GET,/da/assetOperateLog/list,DaAssetOperateLogController,list,查询数据资产操作记录列表,qdata-module-da/qdata-module-da-biz/src/main/java/tech/qiantong/qdata/module/da/controller/admin/assetchild/operate/DaAssetOperateLogController.java,67,68,@GetMapping
321,qdata-server,da,8080,GET,/da/assetOperateLog/queryDaAssetOperateLogPage,DaAssetOperateLogController,queryDaAssetOperateLogPage,查询数据资产操作记录列表,qdata-module-da/qdata-module-da-biz/src/main/java/tech/qiantong/qdata/module/da/controller/admin/assetchild/operate/DaAssetOperateLogController.java,146,147,@GetMapping
322,qdata-server,da,8080,POST,/da/assetOperateLog/rollBack/{id},DaAssetOperateLogController,rollBack,Rollback,qdata-module-da/qdata-module-da-biz/src/main/java/tech/qiantong/qdata/module/da/controller/admin/assetchild/operate/DaAssetOperateLogController.java,138,139,@PostMapping
323,qdata-server,da,8080,DELETE,/da/assetOperateLog/{ids},DaAssetOperateLogController,remove,删除数据资产操作记录,qdata-module-da/qdata-module-da-biz/src/main/java/tech/qiantong/qdata/module/da/controller/admin/assetchild/operate/DaAssetOperateLogController.java,129,130,@DeleteMapping
324,qdata-server,da,8080,GET,/da/assetOperateLog/{id},DaAssetOperateLogController,getInfo,获取数据资产操作记录详细信息,qdata-module-da/qdata-module-da-biz/src/main/java/tech/qiantong/qdata/module/da/controller/admin/assetchild/operate/DaAssetOperateLogController.java,98,99,@GetMapping
325,qdata-server,da,8080,POST,/da/assetProjectRel,DaAssetProjectRelController,add,新增数据资产与项目关联关系,qdata-module-da/qdata-module-da-biz/src/main/java/tech/qiantong/qdata/module/da/controller/admin/assetchild/projectRel/DaAssetProjectRelController.java,106,107,@PostMapping
326,qdata-server,da,8080,PUT,/da/assetProjectRel,DaAssetProjectRelController,edit,修改数据资产与项目关联关系,qdata-module-da/qdata-module-da-biz/src/main/java/tech/qiantong/qdata/module/da/controller/admin/assetchild/projectRel/DaAssetProjectRelController.java,117,118,@PutMapping
327,qdata-server,da,8080,POST,/da/assetProjectRel/export,DaAssetProjectRelController,export,导出数据资产与项目关联关系列表,qdata-module-da/qdata-module-da-biz/src/main/java/tech/qiantong/qdata/module/da/controller/admin/assetchild/projectRel/DaAssetProjectRelController.java,75,76,@PostMapping
328,qdata-server,da,8080,POST,/da/assetProjectRel/importData,DaAssetProjectRelController,importData,导入数据资产与项目关联关系列表,qdata-module-da/qdata-module-da-biz/src/main/java/tech/qiantong/qdata/module/da/controller/admin/assetchild/projectRel/DaAssetProjectRelController.java,86,87,@PostMapping
329,qdata-server,da,8080,GET,/da/assetProjectRel/list,DaAssetProjectRelController,list,查询数据资产与项目关联关系列表,qdata-module-da/qdata-module-da-biz/src/main/java/tech/qiantong/qdata/module/da/controller/admin/assetchild/projectRel/DaAssetProjectRelController.java,66,67,@GetMapping
330,qdata-server,da,8080,DELETE,/da/assetProjectRel/{ids},DaAssetProjectRelController,remove,删除数据资产与项目关联关系,qdata-module-da/qdata-module-da-biz/src/main/java/tech/qiantong/qdata/module/da/controller/admin/assetchild/projectRel/DaAssetProjectRelController.java,128,129,@DeleteMapping
331,qdata-server,da,8080,GET,/da/assetProjectRel/{id},DaAssetProjectRelController,getInfo,获取数据资产与项目关联关系详细信息,qdata-module-da/qdata-module-da-biz/src/main/java/tech/qiantong/qdata/module/da/controller/admin/assetchild/projectRel/DaAssetProjectRelController.java,97,98,@GetMapping
332,qdata-server,da,8080,POST,/da/assetThemeRel,DaAssetThemeRelController,add,新增数据资产-主题关联关系,qdata-module-da/qdata-module-da-biz/src/main/java/tech/qiantong/qdata/module/da/controller/admin/assetchild/theme/DaAssetThemeRelController.java,106,107,@PostMapping
333,qdata-server,da,8080,PUT,/da/assetThemeRel,DaAssetThemeRelController,edit,修改数据资产-主题关联关系,qdata-module-da/qdata-module-da-biz/src/main/java/tech/qiantong/qdata/module/da/controller/admin/assetchild/theme/DaAssetThemeRelController.java,117,118,@PutMapping
334,qdata-server,da,8080,POST,/da/assetThemeRel/export,DaAssetThemeRelController,export,导出数据资产-主题关联关系列表,qdata-module-da/qdata-module-da-biz/src/main/java/tech/qiantong/qdata/module/da/controller/admin/assetchild/theme/DaAssetThemeRelController.java,75,76,@PostMapping
335,qdata-server,da,8080,POST,/da/assetThemeRel/importData,DaAssetThemeRelController,importData,导入数据资产-主题关联关系列表,qdata-module-da/qdata-module-da-biz/src/main/java/tech/qiantong/qdata/module/da/controller/admin/assetchild/theme/DaAssetThemeRelController.java,86,87,@PostMapping
336,qdata-server,da,8080,GET,/da/assetThemeRel/list,DaAssetThemeRelController,list,查询数据资产-主题关联关系列表,qdata-module-da/qdata-module-da-biz/src/main/java/tech/qiantong/qdata/module/da/controller/admin/assetchild/theme/DaAssetThemeRelController.java,66,67,@GetMapping
337,qdata-server,da,8080,DELETE,/da/assetThemeRel/{ids},DaAssetThemeRelController,remove,删除数据资产-主题关联关系,qdata-module-da/qdata-module-da-biz/src/main/java/tech/qiantong/qdata/module/da/controller/admin/assetchild/theme/DaAssetThemeRelController.java,128,129,@DeleteMapping
338,qdata-server,da,8080,GET,/da/assetThemeRel/{id},DaAssetThemeRelController,getInfo,获取数据资产-主题关联关系详细信息,qdata-module-da/qdata-module-da-biz/src/main/java/tech/qiantong/qdata/module/da/controller/admin/assetchild/theme/DaAssetThemeRelController.java,97,98,@GetMapping
339,qdata-server,da,8080,POST,/da/assetVideo,DaAssetVideoController,add,新增数据资产-视频数据,qdata-module-da/qdata-module-da-biz/src/main/java/tech/qiantong/qdata/module/da/controller/admin/assetchild/video/DaAssetVideoController.java,108,109,@PostMapping
340,qdata-server,da,8080,PUT,/da/assetVideo,DaAssetVideoController,edit,修改数据资产-视频数据,qdata-module-da/qdata-module-da-biz/src/main/java/tech/qiantong/qdata/module/da/controller/admin/assetchild/video/DaAssetVideoController.java,119,120,@PutMapping
341,qdata-server,da,8080,POST,/da/assetVideo/export,DaAssetVideoController,export,导出数据资产-视频数据列表,qdata-module-da/qdata-module-da-biz/src/main/java/tech/qiantong/qdata/module/da/controller/admin/assetchild/video/DaAssetVideoController.java,77,78,@PostMapping
342,qdata-server,da,8080,POST,/da/assetVideo/importData,DaAssetVideoController,importData,导入数据资产-视频数据列表,qdata-module-da/qdata-module-da-biz/src/main/java/tech/qiantong/qdata/module/da/controller/admin/assetchild/video/DaAssetVideoController.java,88,89,@PostMapping
343,qdata-server,da,8080,GET,/da/assetVideo/list,DaAssetVideoController,list,查询数据资产-视频数据列表,qdata-module-da/qdata-module-da-biz/src/main/java/tech/qiantong/qdata/module/da/controller/admin/assetchild/video/DaAssetVideoController.java,68,69,@GetMapping
344,qdata-server,da,8080,POST,/da/assetVideo/queryServiceForwarding,DaAssetVideoController,queryServiceForwarding,删除数据资产-视频,qdata-module-da/qdata-module-da-biz/src/main/java/tech/qiantong/qdata/module/da/controller/admin/assetchild/video/DaAssetVideoController.java,139,140,@PostMapping
345,qdata-server,da,8080,DELETE,/da/assetVideo/{ids},DaAssetVideoController,remove,删除数据资产-视频数据,qdata-module-da/qdata-module-da-biz/src/main/java/tech/qiantong/qdata/module/da/controller/admin/assetchild/video/DaAssetVideoController.java,130,131,@DeleteMapping
346,qdata-server,da,8080,GET,/da/assetVideo/{id},DaAssetVideoController,getInfo,获取数据资产-视频数据详细信息,qdata-module-da/qdata-module-da-biz/src/main/java/tech/qiantong/qdata/module/da/controller/admin/assetchild/video/DaAssetVideoController.java,99,100,@GetMapping
347,qdata-server,da,8080,POST,/da/dataSource,DaDatasourceController,add,新增数据源,qdata-module-da/qdata-module-da-biz/src/main/java/tech/qiantong/qdata/module/da/controller/admin/datasource/DaDatasourceController.java,160,161,@PostMapping
348,qdata-server,da,8080,PUT,/da/dataSource,DaDatasourceController,edit,修改数据源,qdata-module-da/qdata-module-da-biz/src/main/java/tech/qiantong/qdata/module/da/controller/admin/datasource/DaDatasourceController.java,178,179,@PutMapping
349,qdata-server,da,8080,GET,/da/dataSource/clientsTest/{id},DaDatasourceController,clientsTest,测试连接,qdata-module-da/qdata-module-da-biz/src/main/java/tech/qiantong/qdata/module/da/controller/admin/datasource/DaDatasourceController.java,219,220,@GetMapping
350,qdata-server,da,8080,POST,/da/dataSource/columnsAsAssetColumnList,DaDatasourceController,columnsAsAssetColumnList,获取数据源里面的数据表的数据字段,qdata-module-da/qdata-module-da-biz/src/main/java/tech/qiantong/qdata/module/da/controller/admin/datasource/DaDatasourceController.java,270,271,@PostMapping
351,qdata-server,da,8080,POST,/da/dataSource/columnsList,DaDatasourceController,getColumnsList,获取数据源里面的数据表的数据字段,qdata-module-da/qdata-module-da-biz/src/main/java/tech/qiantong/qdata/module/da/controller/admin/datasource/DaDatasourceController.java,237,238,@PostMapping
352,qdata-server,da,8080,GET,/da/dataSource/dpp/list,DaDatasourceController,dppList,数据研发中的查询数据源列表,qdata-module-da/qdata-module-da-biz/src/main/java/tech/qiantong/qdata/module/da/controller/admin/datasource/DaDatasourceController.java,96,97,@GetMapping
353,qdata-server,da,8080,GET,/da/dataSource/dppNoKafka/list,DaDatasourceController,dppNoKafkaList,数据集成中排除Kafka并且是当前项目的数据源列表,qdata-module-da/qdata-module-da-biz/src/main/java/tech/qiantong/qdata/module/da/controller/admin/datasource/DaDatasourceController.java,88,89,@GetMapping
354,qdata-server,da,8080,GET,/da/dataSource/editDatasourceStatus/{id}/{status},DaDatasourceController,editDatasourceStatus,修改数据源状态,qdata-module-da/qdata-module-da-biz/src/main/java/tech/qiantong/qdata/module/da/controller/admin/datasource/DaDatasourceController.java,196,197,@GetMapping
355,qdata-server,da,8080,GET,/da/dataSource/executeSqlQuery,DaDatasourceController,executeSqlQuery,,qdata-module-da/qdata-module-da-biz/src/main/java/tech/qiantong/qdata/module/da/controller/admin/datasource/DaDatasourceController.java,296,297,@GetMapping
356,qdata-server,da,8080,POST,/da/dataSource/export,DaDatasourceController,export,导出数据源列表,qdata-module-da/qdata-module-da-biz/src/main/java/tech/qiantong/qdata/module/da/controller/admin/datasource/DaDatasourceController.java,129,130,@PostMapping
357,qdata-server,da,8080,GET,/da/dataSource/exportSqlQueryResult/export,DaDatasourceController,exportSqlQueryResult,,qdata-module-da/qdata-module-da-biz/src/main/java/tech/qiantong/qdata/module/da/controller/admin/datasource/DaDatasourceController.java,304,305,@GetMapping
358,qdata-server,da,8080,GET,/da/dataSource/getDaDatasourceList,DaDatasourceController,getDaDatasourceList,查询数据源列表,qdata-module-da/qdata-module-da-biz/src/main/java/tech/qiantong/qdata/module/da/controller/admin/datasource/DaDatasourceController.java,120,121,@GetMapping
359,qdata-server,da,8080,GET,/da/dataSource/getDataSourceByAsset,DaDatasourceController,getDataSourceByAsset,查询数据资产的数据源连接信息,qdata-module-da/qdata-module-da-biz/src/main/java/tech/qiantong/qdata/module/da/controller/admin/datasource/DaDatasourceController.java,112,113,@GetMapping
360,qdata-server,da,8080,POST,/da/dataSource/importData,DaDatasourceController,importData,导入数据源列表,qdata-module-da/qdata-module-da-biz/src/main/java/tech/qiantong/qdata/module/da/controller/admin/datasource/DaDatasourceController.java,140,141,@PostMapping
361,qdata-server,da,8080,GET,/da/dataSource/list,DaDatasourceController,list,查询数据源列表,qdata-module-da/qdata-module-da-biz/src/main/java/tech/qiantong/qdata/module/da/controller/admin/datasource/DaDatasourceController.java,80,81,@GetMapping
362,qdata-server,da,8080,GET,/da/dataSource/noDppAdd/list,DaDatasourceController,noDppAddList,查询项目列表，让研发模块添加的数据不可选中,qdata-module-da/qdata-module-da-biz/src/main/java/tech/qiantong/qdata/module/da/controller/admin/datasource/DaDatasourceController.java,104,105,@GetMapping
363,qdata-server,da,8080,POST,/da/dataSource/sqlParse,DaDatasourceController,sqlParse,SQL解析,qdata-module-da/qdata-module-da-biz/src/main/java/tech/qiantong/qdata/module/da/controller/admin/datasource/DaDatasourceController.java,245,246,@PostMapping
364,qdata-server,da,8080,GET,/da/dataSource/tableList/{id},DaDatasourceController,getTableList,获取数据源里面的数据表,qdata-module-da/qdata-module-da-biz/src/main/java/tech/qiantong/qdata/module/da/controller/admin/datasource/DaDatasourceController.java,228,229,@GetMapping
365,qdata-server,da,8080,POST,/da/dataSource/testConnection,DaDatasourceController,testConnection,新增前测试数据源连接,qdata-module-da/qdata-module-da-biz/src/main/java/tech/qiantong/qdata/module/da/controller/admin/datasource/DaDatasourceController.java,170,171,@PostMapping
366,qdata-server,da,8080,DELETE,/da/dataSource/{ids},DaDatasourceController,remove,删除数据源,qdata-module-da/qdata-module-da-biz/src/main/java/tech/qiantong/qdata/module/da/controller/admin/datasource/DaDatasourceController.java,189,190,@DeleteMapping
367,qdata-server,da,8080,DELETE,/da/dataSource/{ids}/{type},DaDatasourceController,removeDppOrDa,删除数据源带类型判断是数据资产还是数据研发,qdata-module-da/qdata-module-da-biz/src/main/java/tech/qiantong/qdata/module/da/controller/admin/datasource/DaDatasourceController.java,211,212,@DeleteMapping
368,qdata-server,da,8080,GET,/da/dataSource/{id},DaDatasourceController,getInfo,获取数据源详细信息,qdata-module-da/qdata-module-da-biz/src/main/java/tech/qiantong/qdata/module/da/controller/admin/datasource/DaDatasourceController.java,151,152,@GetMapping
369,qdata-server,da,8080,POST,/da/dataSourceProjectRel,DaDatasourceProjectRelController,add,新增数据源与项目关联关系,qdata-module-da/qdata-module-da-biz/src/main/java/tech/qiantong/qdata/module/da/controller/admin/datasource/DaDatasourceProjectRelController.java,106,107,@PostMapping
370,qdata-server,da,8080,PUT,/da/dataSourceProjectRel,DaDatasourceProjectRelController,edit,修改数据源与项目关联关系,qdata-module-da/qdata-module-da-biz/src/main/java/tech/qiantong/qdata/module/da/controller/admin/datasource/DaDatasourceProjectRelController.java,117,118,@PutMapping
371,qdata-server,da,8080,POST,/da/dataSourceProjectRel/export,DaDatasourceProjectRelController,export,导出数据源与项目关联关系列表,qdata-module-da/qdata-module-da-biz/src/main/java/tech/qiantong/qdata/module/da/controller/admin/datasource/DaDatasourceProjectRelController.java,75,76,@PostMapping
372,qdata-server,da,8080,POST,/da/dataSourceProjectRel/importData,DaDatasourceProjectRelController,importData,导入数据源与项目关联关系列表,qdata-module-da/qdata-module-da-biz/src/main/java/tech/qiantong/qdata/module/da/controller/admin/datasource/DaDatasourceProjectRelController.java,86,87,@PostMapping
373,qdata-server,da,8080,GET,/da/dataSourceProjectRel/list,DaDatasourceProjectRelController,list,查询数据源与项目关联关系列表,qdata-module-da/qdata-module-da-biz/src/main/java/tech/qiantong/qdata/module/da/controller/admin/datasource/DaDatasourceProjectRelController.java,66,67,@GetMapping
374,qdata-server,da,8080,DELETE,/da/dataSourceProjectRel/{ids},DaDatasourceProjectRelController,remove,删除数据源与项目关联关系,qdata-module-da/qdata-module-da-biz/src/main/java/tech/qiantong/qdata/module/da/controller/admin/datasource/DaDatasourceProjectRelController.java,128,129,@DeleteMapping
375,qdata-server,da,8080,GET,/da/dataSourceProjectRel/{id},DaDatasourceProjectRelController,getInfo,获取数据源与项目关联关系详细信息,qdata-module-da/qdata-module-da-biz/src/main/java/tech/qiantong/qdata/module/da/controller/admin/datasource/DaDatasourceProjectRelController.java,97,98,@GetMapping
376,qdata-server,da,8080,POST,/da/discoveryColumn,DaDiscoveryColumnController,add,新增数据发现字段,qdata-module-da/qdata-module-da-biz/src/main/java/tech/qiantong/qdata/module/da/controller/admin/discovery/DaDiscoveryColumnController.java,115,116,@PostMapping
377,qdata-server,da,8080,PUT,/da/discoveryColumn,DaDiscoveryColumnController,edit,修改数据发现字段,qdata-module-da/qdata-module-da-biz/src/main/java/tech/qiantong/qdata/module/da/controller/admin/discovery/DaDiscoveryColumnController.java,126,127,@PutMapping
378,qdata-server,da,8080,POST,/da/discoveryColumn/export,DaDiscoveryColumnController,export,导出数据发现字段列表,qdata-module-da/qdata-module-da-biz/src/main/java/tech/qiantong/qdata/module/da/controller/admin/discovery/DaDiscoveryColumnController.java,84,85,@PostMapping
379,qdata-server,da,8080,GET,/da/discoveryColumn/getDaDiscoveryColumnList,DaDiscoveryColumnController,getDaDiscoveryColumnList,查询数据发现字段列表,qdata-module-da/qdata-module-da-biz/src/main/java/tech/qiantong/qdata/module/da/controller/admin/discovery/DaDiscoveryColumnController.java,74,75,@GetMapping
380,qdata-server,da,8080,POST,/da/discoveryColumn/importData,DaDiscoveryColumnController,importData,导入数据发现字段列表,qdata-module-da/qdata-module-da-biz/src/main/java/tech/qiantong/qdata/module/da/controller/admin/discovery/DaDiscoveryColumnController.java,95,96,@PostMapping
381,qdata-server,da,8080,GET,/da/discoveryColumn/list,DaDiscoveryColumnController,list,查询数据发现字段列表,qdata-module-da/qdata-module-da-biz/src/main/java/tech/qiantong/qdata/module/da/controller/admin/discovery/DaDiscoveryColumnController.java,66,67,@GetMapping
382,qdata-server,da,8080,DELETE,/da/discoveryColumn/{ids},DaDiscoveryColumnController,remove,删除数据发现字段,qdata-module-da/qdata-module-da-biz/src/main/java/tech/qiantong/qdata/module/da/controller/admin/discovery/DaDiscoveryColumnController.java,137,138,@DeleteMapping
383,qdata-server,da,8080,GET,/da/discoveryColumn/{id},DaDiscoveryColumnController,getInfo,获取数据发现字段详细信息,qdata-module-da/qdata-module-da-biz/src/main/java/tech/qiantong/qdata/module/da/controller/admin/discovery/DaDiscoveryColumnController.java,106,107,@GetMapping
384,qdata-server,da,8080,POST,/da/discoveryTable,DaDiscoveryTableController,add,新增数据发现库信息,qdata-module-da/qdata-module-da-biz/src/main/java/tech/qiantong/qdata/module/da/controller/admin/discovery/DaDiscoveryTableController.java,118,119,@PostMapping
385,qdata-server,da,8080,PUT,/da/discoveryTable,DaDiscoveryTableController,edit,修改数据发现库信息,qdata-module-da/qdata-module-da-biz/src/main/java/tech/qiantong/qdata/module/da/controller/admin/discovery/DaDiscoveryTableController.java,129,130,@PutMapping
386,qdata-server,da,8080,POST,/da/discoveryTable/commitOrRevokeDiscoveryInfo,DaDiscoveryTableController,commitOrRevokeDiscoveryInfo,Submit or revoke discovery database table info,qdata-module-da/qdata-module-da-biz/src/main/java/tech/qiantong/qdata/module/da/controller/admin/discovery/DaDiscoveryTableController.java,161,162,@PostMapping
387,qdata-server,da,8080,POST,/da/discoveryTable/export,DaDiscoveryTableController,export,导出数据发现库信息列表,qdata-module-da/qdata-module-da-biz/src/main/java/tech/qiantong/qdata/module/da/controller/admin/discovery/DaDiscoveryTableController.java,87,88,@PostMapping
388,qdata-server,da,8080,GET,/da/discoveryTable/getDaDiscoveryTableList,DaDiscoveryTableController,getDaDiscoveryTableList,查询数据发现库信息列表,qdata-module-da/qdata-module-da-biz/src/main/java/tech/qiantong/qdata/module/da/controller/admin/discovery/DaDiscoveryTableController.java,78,79,@GetMapping
389,qdata-server,da,8080,POST,/da/discoveryTable/importData,DaDiscoveryTableController,importData,导入数据发现库信息列表,qdata-module-da/qdata-module-da-biz/src/main/java/tech/qiantong/qdata/module/da/controller/admin/discovery/DaDiscoveryTableController.java,98,99,@PostMapping
390,qdata-server,da,8080,GET,/da/discoveryTable/list,DaDiscoveryTableController,list,查询数据发现库信息列表,qdata-module-da/qdata-module-da-biz/src/main/java/tech/qiantong/qdata/module/da/controller/admin/discovery/DaDiscoveryTableController.java,71,72,@GetMapping
391,qdata-server,da,8080,POST,/da/discoveryTable/preview,DaDiscoveryTableController,getPreview,获取数据发现的数据预览,qdata-module-da/qdata-module-da-biz/src/main/java/tech/qiantong/qdata/module/da/controller/admin/discovery/DaDiscoveryTableController.java,147,148,@PostMapping
392,qdata-server,da,8080,DELETE,/da/discoveryTable/{ids},DaDiscoveryTableController,remove,删除数据发现库信息,qdata-module-da/qdata-module-da-biz/src/main/java/tech/qiantong/qdata/module/da/controller/admin/discovery/DaDiscoveryTableController.java,140,141,@DeleteMapping
393,qdata-server,da,8080,GET,/da/discoveryTable/{id},DaDiscoveryTableController,getInfo,获取数据发现库信息详细信息,qdata-module-da/qdata-module-da-biz/src/main/java/tech/qiantong/qdata/module/da/controller/admin/discovery/DaDiscoveryTableController.java,109,110,@GetMapping
394,qdata-server,da,8080,POST,/da/discoveryTask,DaDiscoveryTaskController,add,新增数据发现任务,qdata-module-da/qdata-module-da-biz/src/main/java/tech/qiantong/qdata/module/da/controller/admin/discovery/DaDiscoveryTaskController.java,152,153,@PostMapping
395,qdata-server,da,8080,PUT,/da/discoveryTask,DaDiscoveryTaskController,edit,修改数据发现任务,qdata-module-da/qdata-module-da-biz/src/main/java/tech/qiantong/qdata/module/da/controller/admin/discovery/DaDiscoveryTaskController.java,163,164,@PutMapping
396,qdata-server,da,8080,POST,/da/discoveryTask/export,DaDiscoveryTaskController,export,导出数据发现任务列表,qdata-module-da/qdata-module-da-biz/src/main/java/tech/qiantong/qdata/module/da/controller/admin/discovery/DaDiscoveryTaskController.java,88,89,@PostMapping
397,qdata-server,da,8080,GET,/da/discoveryTask/getDaDiscoveryTaskListPage,DaDiscoveryTaskController,getDaDiscoveryTaskListPage,查询数据发现任务列表,qdata-module-da/qdata-module-da-biz/src/main/java/tech/qiantong/qdata/module/da/controller/admin/discovery/DaDiscoveryTaskController.java,80,81,@GetMapping
398,qdata-server,da,8080,POST,/da/discoveryTask/importData,DaDiscoveryTaskController,importData,导入数据发现任务列表,qdata-module-da/qdata-module-da-biz/src/main/java/tech/qiantong/qdata/module/da/controller/admin/discovery/DaDiscoveryTaskController.java,99,100,@PostMapping
399,qdata-server,da,8080,DELETE,/da/discoveryTask/jobLog/clean,DaDiscoveryTaskController,clean,获取数据发现任务详细信息,qdata-module-da/qdata-module-da-biz/src/main/java/tech/qiantong/qdata/module/da/controller/admin/discovery/DaDiscoveryTaskController.java,142,143,@DeleteMapping
400,qdata-server,da,8080,GET,/da/discoveryTask/jobLog/list,DaDiscoveryTaskController,jobList,获取数据发现任务详细信息,qdata-module-da/qdata-module-da-biz/src/main/java/tech/qiantong/qdata/module/da/controller/admin/discovery/DaDiscoveryTaskController.java,119,120,@GetMapping
401,qdata-server,da,8080,GET,/da/discoveryTask/jobLog/{jobLogId},DaDiscoveryTaskController,getJobLogInfo,获取数据发现任务详细信息,qdata-module-da/qdata-module-da-biz/src/main/java/tech/qiantong/qdata/module/da/controller/admin/discovery/DaDiscoveryTaskController.java,131,132,@GetMapping
402,qdata-server,da,8080,GET,/da/discoveryTask/list,DaDiscoveryTaskController,list,查询数据发现任务列表,qdata-module-da/qdata-module-da-biz/src/main/java/tech/qiantong/qdata/module/da/controller/admin/discovery/DaDiscoveryTaskController.java,72,73,@GetMapping
403,qdata-server,da,8080,PUT,/da/discoveryTask/runDaDiscoveryTask/{id},DaDiscoveryTaskController,runDaDiscoveryTask,删除数据发现任务,qdata-module-da/qdata-module-da-biz/src/main/java/tech/qiantong/qdata/module/da/controller/admin/discovery/DaDiscoveryTaskController.java,180,181,@PutMapping
404,qdata-server,da,8080,PUT,/da/discoveryTask/startDaDiscoveryTask/{id},DaDiscoveryTaskController,startDaDiscoveryTask,删除数据发现任务,qdata-module-da/qdata-module-da-biz/src/main/java/tech/qiantong/qdata/module/da/controller/admin/discovery/DaDiscoveryTaskController.java,189,190,@PutMapping
405,qdata-server,da,8080,POST,/da/discoveryTask/updateDaDiscoveryTaskCronExpression,DaDiscoveryTaskController,updateDaDiscoveryTaskCronExpression,,qdata-module-da/qdata-module-da-biz/src/main/java/tech/qiantong/qdata/module/da/controller/admin/discovery/DaDiscoveryTaskController.java,210,211,@PostMapping
406,qdata-server,da,8080,POST,/da/discoveryTask/updateDaDiscoveryTaskStatus,DaDiscoveryTaskController,updateDaDiscoveryTaskStatus,删除数据发现任务,qdata-module-da/qdata-module-da-biz/src/main/java/tech/qiantong/qdata/module/da/controller/admin/discovery/DaDiscoveryTaskController.java,198,199,@PostMapping
407,qdata-server,da,8080,DELETE,/da/discoveryTask/{ids},DaDiscoveryTaskController,remove,删除数据发现任务,qdata-module-da/qdata-module-da-biz/src/main/java/tech/qiantong/qdata/module/da/controller/admin/discovery/DaDiscoveryTaskController.java,174,175,@DeleteMapping
408,qdata-server,da,8080,GET,/da/discoveryTask/{id},DaDiscoveryTaskController,getInfo,获取数据发现任务详细信息,qdata-module-da/qdata-module-da-biz/src/main/java/tech/qiantong/qdata/module/da/controller/admin/discovery/DaDiscoveryTaskController.java,110,111,@GetMapping
409,qdata-server,da,8080,POST,/da/discoveryTaskLog,DaDiscoveryTaskLogController,add,新增数据发现任务日志,qdata-module-da/qdata-module-da-biz/src/main/java/tech/qiantong/qdata/module/da/controller/admin/discovery/DaDiscoveryTaskLogController.java,110,111,@PostMapping
410,qdata-server,da,8080,PUT,/da/discoveryTaskLog,DaDiscoveryTaskLogController,edit,修改数据发现任务日志,qdata-module-da/qdata-module-da-biz/src/main/java/tech/qiantong/qdata/module/da/controller/admin/discovery/DaDiscoveryTaskLogController.java,121,122,@PutMapping
411,qdata-server,da,8080,POST,/da/discoveryTaskLog/downloadLog,DaDiscoveryTaskLogController,downloadLog,运行日志详情,qdata-module-da/qdata-module-da-biz/src/main/java/tech/qiantong/qdata/module/da/controller/admin/discovery/DaDiscoveryTaskLogController.java,169,171,@RequestMapping
412,qdata-server,da,8080,POST,/da/discoveryTaskLog/export,DaDiscoveryTaskLogController,export,导出数据发现任务日志列表,qdata-module-da/qdata-module-da-biz/src/main/java/tech/qiantong/qdata/module/da/controller/admin/discovery/DaDiscoveryTaskLogController.java,78,79,@PostMapping
413,qdata-server,da,8080,POST,/da/discoveryTaskLog/importData,DaDiscoveryTaskLogController,importData,导入数据发现任务日志列表,qdata-module-da/qdata-module-da-biz/src/main/java/tech/qiantong/qdata/module/da/controller/admin/discovery/DaDiscoveryTaskLogController.java,90,91,@PostMapping
414,qdata-server,da,8080,GET,/da/discoveryTaskLog/list,DaDiscoveryTaskLogController,list,查询数据发现任务日志列表,qdata-module-da/qdata-module-da-biz/src/main/java/tech/qiantong/qdata/module/da/controller/admin/discovery/DaDiscoveryTaskLogController.java,69,70,@GetMapping
415,qdata-server,da,8080,GET,/da/discoveryTaskLog/log/{id},DaDiscoveryTaskLogController,getLogInfo,查看日志详情,qdata-module-da/qdata-module-da-biz/src/main/java/tech/qiantong/qdata/module/da/controller/admin/discovery/DaDiscoveryTaskLogController.java,215,216,@GetMapping
416,qdata-server,da,8080,GET,/da/discoveryTaskLog/logDetailCat,DaDiscoveryTaskLogController,logDetailCat,删除数据发现任务日志,qdata-module-da/qdata-module-da-biz/src/main/java/tech/qiantong/qdata/module/da/controller/admin/discovery/DaDiscoveryTaskLogController.java,138,140,@RequestMapping
417,qdata-server,da,8080,DELETE,/da/discoveryTaskLog/{ids},DaDiscoveryTaskLogController,remove,删除数据发现任务日志,qdata-module-da/qdata-module-da-biz/src/main/java/tech/qiantong/qdata/module/da/controller/admin/discovery/DaDiscoveryTaskLogController.java,132,133,@DeleteMapping
418,qdata-server,da,8080,GET,/da/discoveryTaskLog/{id},DaDiscoveryTaskLogController,getInfo,获取数据发现任务日志详细信息,qdata-module-da/qdata-module-da-biz/src/main/java/tech/qiantong/qdata/module/da/controller/admin/discovery/DaDiscoveryTaskLogController.java,101,102,@GetMapping
419,qdata-server,da,8080,POST,/da/sensitiveLevel,DaSensitiveLevelController,add,新增敏感等级,qdata-module-da/qdata-module-da-biz/src/main/java/tech/qiantong/qdata/module/da/controller/admin/sensitiveLevel/DaSensitiveLevelController.java,107,108,@PostMapping
420,qdata-server,da,8080,PUT,/da/sensitiveLevel,DaSensitiveLevelController,edit,修改敏感等级,qdata-module-da/qdata-module-da-biz/src/main/java/tech/qiantong/qdata/module/da/controller/admin/sensitiveLevel/DaSensitiveLevelController.java,118,119,@PutMapping
421,qdata-server,da,8080,POST,/da/sensitiveLevel/export,DaSensitiveLevelController,export,导出敏感等级列表,qdata-module-da/qdata-module-da-biz/src/main/java/tech/qiantong/qdata/module/da/controller/admin/sensitiveLevel/DaSensitiveLevelController.java,76,77,@PostMapping
422,qdata-server,da,8080,POST,/da/sensitiveLevel/importData,DaSensitiveLevelController,importData,导入敏感等级列表,qdata-module-da/qdata-module-da-biz/src/main/java/tech/qiantong/qdata/module/da/controller/admin/sensitiveLevel/DaSensitiveLevelController.java,87,88,@PostMapping
423,qdata-server,da,8080,GET,/da/sensitiveLevel/list,DaSensitiveLevelController,list,查询敏感等级列表,qdata-module-da/qdata-module-da-biz/src/main/java/tech/qiantong/qdata/module/da/controller/admin/sensitiveLevel/DaSensitiveLevelController.java,67,68,@GetMapping
424,qdata-server,da,8080,POST,/da/sensitiveLevel/updateStatus/{id}/{status},DaSensitiveLevelController,updateStatus,修改敏感等级状态,qdata-module-da/qdata-module-da-biz/src/main/java/tech/qiantong/qdata/module/da/controller/admin/sensitiveLevel/DaSensitiveLevelController.java,129,130,@PostMapping
425,qdata-server,da,8080,DELETE,/da/sensitiveLevel/{ids},DaSensitiveLevelController,remove,删除敏感等级,qdata-module-da/qdata-module-da-biz/src/main/java/tech/qiantong/qdata/module/da/controller/admin/sensitiveLevel/DaSensitiveLevelController.java,142,143,@DeleteMapping
426,qdata-server,da,8080,GET,/da/sensitiveLevel/{id},DaSensitiveLevelController,getInfo,获取敏感等级详细信息,qdata-module-da/qdata-module-da-biz/src/main/java/tech/qiantong/qdata/module/da/controller/admin/sensitiveLevel/DaSensitiveLevelController.java,98,99,@GetMapping
427,qdata-server,dg,8080,POST,/dg/DgDesensitizeList,DgDesensitizeAssetcolumnController,add,Create desensitize list association,qdata-module-dg/qdata-module-dg-biz/src/main/java/tech/qiantong/qdata/module/dg/controller/admin/desensitizeList/DgDesensitizeAssetcolumnController.java,116,117,@PostMapping
428,qdata-server,dg,8080,PUT,/dg/DgDesensitizeList,DgDesensitizeAssetcolumnController,edit,Update desensitize list association,qdata-module-dg/qdata-module-dg-biz/src/main/java/tech/qiantong/qdata/module/dg/controller/admin/desensitizeList/DgDesensitizeAssetcolumnController.java,127,128,@PutMapping
429,qdata-server,dg,8080,POST,/dg/DgDesensitizeList/export,DgDesensitizeAssetcolumnController,export,Export desensitize list association,qdata-module-dg/qdata-module-dg-biz/src/main/java/tech/qiantong/qdata/module/dg/controller/admin/desensitizeList/DgDesensitizeAssetcolumnController.java,85,86,@PostMapping
430,qdata-server,dg,8080,POST,/dg/DgDesensitizeList/importData,DgDesensitizeAssetcolumnController,importData,Import desensitize list association,qdata-module-dg/qdata-module-dg-biz/src/main/java/tech/qiantong/qdata/module/dg/controller/admin/desensitizeList/DgDesensitizeAssetcolumnController.java,96,97,@PostMapping
431,qdata-server,dg,8080,GET,/dg/DgDesensitizeList/list,DgDesensitizeAssetcolumnController,list,Query desensitize list association,qdata-module-dg/qdata-module-dg-biz/src/main/java/tech/qiantong/qdata/module/dg/controller/admin/desensitizeList/DgDesensitizeAssetcolumnController.java,66,67,@GetMapping
432,qdata-server,dg,8080,GET,/dg/DgDesensitizeList/listByRuleId,DgDesensitizeAssetcolumnController,listByRuleId,Query desensitize list association,qdata-module-dg/qdata-module-dg-biz/src/main/java/tech/qiantong/qdata/module/dg/controller/admin/desensitizeList/DgDesensitizeAssetcolumnController.java,74,75,@GetMapping
433,qdata-server,dg,8080,DELETE,/dg/DgDesensitizeList/{ids},DgDesensitizeAssetcolumnController,remove,Delete desensitize list association,qdata-module-dg/qdata-module-dg-biz/src/main/java/tech/qiantong/qdata/module/dg/controller/admin/desensitizeList/DgDesensitizeAssetcolumnController.java,138,139,@DeleteMapping
434,qdata-server,dg,8080,GET,/dg/DgDesensitizeList/{id},DgDesensitizeAssetcolumnController,getInfo,Get desensitize list association detail,qdata-module-dg/qdata-module-dg-biz/src/main/java/tech/qiantong/qdata/module/dg/controller/admin/desensitizeList/DgDesensitizeAssetcolumnController.java,107,108,@GetMapping
435,qdata-server,dg,8080,POST,/dg/dataCategory,DgDataCategoryController,add,Create data category,qdata-module-dg/qdata-module-dg-biz/src/main/java/tech/qiantong/qdata/module/dg/controller/admin/dataCategory/DgDataCategoryController.java,96,97,@PostMapping
436,qdata-server,dg,8080,PUT,/dg/dataCategory,DgDataCategoryController,edit,Update data category,qdata-module-dg/qdata-module-dg-biz/src/main/java/tech/qiantong/qdata/module/dg/controller/admin/dataCategory/DgDataCategoryController.java,107,108,@PutMapping
437,qdata-server,dg,8080,PUT,/dg/dataCategory/batchDataLevel,DgDataCategoryController,batchDataLevel,Batch set data level,qdata-module-dg/qdata-module-dg-biz/src/main/java/tech/qiantong/qdata/module/dg/controller/admin/dataCategory/DgDataCategoryController.java,118,119,@PutMapping
438,qdata-server,dg,8080,GET,/dg/dataCategory/list,DgDataCategoryController,list,Query data category list,qdata-module-dg/qdata-module-dg-biz/src/main/java/tech/qiantong/qdata/module/dg/controller/admin/dataCategory/DgDataCategoryController.java,70,71,@GetMapping
439,qdata-server,dg,8080,GET,/dg/dataCategory/listAll,DgDataCategoryController,listAll,Query data category list,qdata-module-dg/qdata-module-dg-biz/src/main/java/tech/qiantong/qdata/module/dg/controller/admin/dataCategory/DgDataCategoryController.java,78,79,@GetMapping
440,qdata-server,dg,8080,GET,/dg/dataCategory/selectTree,DgDataCategoryController,selectTree,Query data category tree list,qdata-module-dg/qdata-module-dg-biz/src/main/java/tech/qiantong/qdata/module/dg/controller/admin/dataCategory/DgDataCategoryController.java,58,59,@GetMapping
441,qdata-server,dg,8080,DELETE,/dg/dataCategory/{ids},DgDataCategoryController,remove,Delete data category,qdata-module-dg/qdata-module-dg-biz/src/main/java/tech/qiantong/qdata/module/dg/controller/admin/dataCategory/DgDataCategoryController.java,126,127,@DeleteMapping
442,qdata-server,dg,8080,GET,/dg/dataCategory/{id},DgDataCategoryController,getInfo,Get data category detail info,qdata-module-dg/qdata-module-dg-biz/src/main/java/tech/qiantong/qdata/module/dg/controller/admin/dataCategory/DgDataCategoryController.java,87,88,@GetMapping
443,qdata-server,dg,8080,POST,/dg/dataCategoryCat,DgDataCategoryCatController,add,Add data category - category,qdata-module-dg/qdata-module-dg-biz/src/main/java/tech/qiantong/qdata/module/dg/controller/admin/dataCategoryCat/DgDataCategoryCatController.java,82,83,@PostMapping
444,qdata-server,dg,8080,PUT,/dg/dataCategoryCat,DgDataCategoryCatController,edit,Update data category - category,qdata-module-dg/qdata-module-dg-biz/src/main/java/tech/qiantong/qdata/module/dg/controller/admin/dataCategoryCat/DgDataCategoryCatController.java,93,94,@PutMapping
445,qdata-server,dg,8080,GET,/dg/dataCategoryCat/list,DgDataCategoryCatController,list,Query data category - category list,qdata-module-dg/qdata-module-dg-biz/src/main/java/tech/qiantong/qdata/module/dg/controller/admin/dataCategoryCat/DgDataCategoryCatController.java,66,67,@GetMapping
446,qdata-server,dg,8080,DELETE,/dg/dataCategoryCat/{ids},DgDataCategoryCatController,remove,Delete data category - category,qdata-module-dg/qdata-module-dg-biz/src/main/java/tech/qiantong/qdata/module/dg/controller/admin/dataCategoryCat/DgDataCategoryCatController.java,104,105,@DeleteMapping
447,qdata-server,dg,8080,GET,/dg/dataCategoryCat/{id},DgDataCategoryCatController,getInfo,Get data category - category details,qdata-module-dg/qdata-module-dg-biz/src/main/java/tech/qiantong/qdata/module/dg/controller/admin/dataCategoryCat/DgDataCategoryCatController.java,73,74,@GetMapping
448,qdata-server,dg,8080,POST,/dg/dataElem,DgDataElemController,add,Create data element,qdata-module-dg/qdata-module-dg-biz/src/main/java/tech/qiantong/qdata/module/dg/controller/admin/standard/DgDataElemController.java,68,69,@PostMapping
449,qdata-server,dg,8080,PUT,/dg/dataElem,DgDataElemController,edit,Update data element,qdata-module-dg/qdata-module-dg-biz/src/main/java/tech/qiantong/qdata/module/dg/controller/admin/standard/DgDataElemController.java,79,80,@PutMapping
450,qdata-server,dg,8080,GET,/dg/dataElem/getDgDataElemList,DgDataElemController,getDgDataElemList,Query data element list,qdata-module-dg/qdata-module-dg-biz/src/main/java/tech/qiantong/qdata/module/dg/controller/admin/standard/DgDataElemController.java,51,52,@GetMapping
451,qdata-server,dg,8080,GET,/dg/dataElem/list,DgDataElemController,list,Query data element list,qdata-module-dg/qdata-module-dg-biz/src/main/java/tech/qiantong/qdata/module/dg/controller/admin/standard/DgDataElemController.java,43,44,@GetMapping
452,qdata-server,dg,8080,POST,/dg/dataElem/updateStatus/{id}/{status},DgDataElemController,updateStatus,Update data element status,qdata-module-dg/qdata-module-dg-biz/src/main/java/tech/qiantong/qdata/module/dg/controller/admin/standard/DgDataElemController.java,98,99,@PostMapping
453,qdata-server,dg,8080,DELETE,/dg/dataElem/{ids},DgDataElemController,remove,Delete data element,qdata-module-dg/qdata-module-dg-biz/src/main/java/tech/qiantong/qdata/module/dg/controller/admin/standard/DgDataElemController.java,90,91,@DeleteMapping
454,qdata-server,dg,8080,GET,/dg/dataElem/{id},DgDataElemController,getInfo,Get data element details,qdata-module-dg/qdata-module-dg-biz/src/main/java/tech/qiantong/qdata/module/dg/controller/admin/standard/DgDataElemController.java,59,60,@GetMapping
455,qdata-server,dg,8080,POST,/dg/dataElemCat,DgDataElemCatController,add,Create element category,qdata-module-dg/qdata-module-dg-biz/src/main/java/tech/qiantong/qdata/module/dg/controller/admin/standard/DgDataElemCatController.java,59,60,@PostMapping
456,qdata-server,dg,8080,PUT,/dg/dataElemCat,DgDataElemCatController,edit,Update element category,qdata-module-dg/qdata-module-dg-biz/src/main/java/tech/qiantong/qdata/module/dg/controller/admin/standard/DgDataElemCatController.java,67,68,@PutMapping
457,qdata-server,dg,8080,GET,/dg/dataElemCat/batchDeleteCheck/{ids},DgDataElemCatController,batchDeleteCheck,Batch delete check element category,qdata-module-dg/qdata-module-dg-biz/src/main/java/tech/qiantong/qdata/module/dg/controller/admin/standard/DgDataElemCatController.java,85,86,@GetMapping
458,qdata-server,dg,8080,GET,/dg/dataElemCat/list,DgDataElemCatController,list,Query element category list,qdata-module-dg/qdata-module-dg-biz/src/main/java/tech/qiantong/qdata/module/dg/controller/admin/standard/DgDataElemCatController.java,42,43,@GetMapping
459,qdata-server,dg,8080,DELETE,/dg/dataElemCat/{ids},DgDataElemCatController,remove,Delete element category,qdata-module-dg/qdata-module-dg-biz/src/main/java/tech/qiantong/qdata/module/dg/controller/admin/standard/DgDataElemCatController.java,75,76,@DeleteMapping
460,qdata-server,dg,8080,GET,/dg/dataElemCat/{id},DgDataElemCatController,getInfo,Get element category details,qdata-module-dg/qdata-module-dg-biz/src/main/java/tech/qiantong/qdata/module/dg/controller/admin/standard/DgDataElemCatController.java,50,51,@GetMapping
461,qdata-server,dg,8080,POST,/dg/dataLevel,DgDataLevelController,add,新增数据分级,qdata-module-dg/qdata-module-dg-biz/src/main/java/tech/qiantong/qdata/module/dg/controller/admin/dataLevel/DgDataLevelController.java,114,115,@PostMapping
462,qdata-server,dg,8080,PUT,/dg/dataLevel,DgDataLevelController,edit,修改数据分级,qdata-module-dg/qdata-module-dg-biz/src/main/java/tech/qiantong/qdata/module/dg/controller/admin/dataLevel/DgDataLevelController.java,127,128,@PutMapping
463,qdata-server,dg,8080,POST,/dg/dataLevel/export,DgDataLevelController,export,导出数据分级列表,qdata-module-dg/qdata-module-dg-biz/src/main/java/tech/qiantong/qdata/module/dg/controller/admin/dataLevel/DgDataLevelController.java,83,84,@PostMapping
464,qdata-server,dg,8080,POST,/dg/dataLevel/importData,DgDataLevelController,importData,导入数据分级列表,qdata-module-dg/qdata-module-dg-biz/src/main/java/tech/qiantong/qdata/module/dg/controller/admin/dataLevel/DgDataLevelController.java,94,95,@PostMapping
465,qdata-server,dg,8080,GET,/dg/dataLevel/list,DgDataLevelController,list,查询数据分级列表,qdata-module-dg/qdata-module-dg-biz/src/main/java/tech/qiantong/qdata/module/dg/controller/admin/dataLevel/DgDataLevelController.java,66,67,@GetMapping
466,qdata-server,dg,8080,GET,/dg/dataLevel/listAll,DgDataLevelController,listAll,查询数据分级列表,qdata-module-dg/qdata-module-dg-biz/src/main/java/tech/qiantong/qdata/module/dg/controller/admin/dataLevel/DgDataLevelController.java,74,75,@GetMapping
467,qdata-server,dg,8080,DELETE,/dg/dataLevel/{ids},DgDataLevelController,remove,删除数据分级,qdata-module-dg/qdata-module-dg-biz/src/main/java/tech/qiantong/qdata/module/dg/controller/admin/dataLevel/DgDataLevelController.java,138,139,@DeleteMapping
468,qdata-server,dg,8080,GET,/dg/dataLevel/{id},DgDataLevelController,getInfo,获取数据分级详细信息,qdata-module-dg/qdata-module-dg-biz/src/main/java/tech/qiantong/qdata/module/dg/controller/admin/dataLevel/DgDataLevelController.java,105,106,@GetMapping
469,qdata-server,dg,8080,POST,/dg/desensitizeInterval,DgDesensitizeIntervalController,add,Add desensitize interval,qdata-module-dg/qdata-module-dg-biz/src/main/java/tech/qiantong/qdata/module/dg/controller/admin/desensitizeRules/DgDesensitizeIntervalController.java,106,107,@PostMapping
470,qdata-server,dg,8080,PUT,/dg/desensitizeInterval,DgDesensitizeIntervalController,edit,Update desensitize interval,qdata-module-dg/qdata-module-dg-biz/src/main/java/tech/qiantong/qdata/module/dg/controller/admin/desensitizeRules/DgDesensitizeIntervalController.java,117,118,@PutMapping
471,qdata-server,dg,8080,POST,/dg/desensitizeInterval/export,DgDesensitizeIntervalController,export,Export desensitize interval list,qdata-module-dg/qdata-module-dg-biz/src/main/java/tech/qiantong/qdata/module/dg/controller/admin/desensitizeRules/DgDesensitizeIntervalController.java,75,76,@PostMapping
472,qdata-server,dg,8080,POST,/dg/desensitizeInterval/importData,DgDesensitizeIntervalController,importData,Import desensitize interval list,qdata-module-dg/qdata-module-dg-biz/src/main/java/tech/qiantong/qdata/module/dg/controller/admin/desensitizeRules/DgDesensitizeIntervalController.java,86,87,@PostMapping
473,qdata-server,dg,8080,GET,/dg/desensitizeInterval/list,DgDesensitizeIntervalController,list,Query desensitize interval list,qdata-module-dg/qdata-module-dg-biz/src/main/java/tech/qiantong/qdata/module/dg/controller/admin/desensitizeRules/DgDesensitizeIntervalController.java,66,67,@GetMapping
474,qdata-server,dg,8080,DELETE,/dg/desensitizeInterval/{ids},DgDesensitizeIntervalController,remove,Delete desensitize interval,qdata-module-dg/qdata-module-dg-biz/src/main/java/tech/qiantong/qdata/module/dg/controller/admin/desensitizeRules/DgDesensitizeIntervalController.java,128,129,@DeleteMapping
475,qdata-server,dg,8080,GET,/dg/desensitizeInterval/{id},DgDesensitizeIntervalController,getInfo,Get desensitize interval detail,qdata-module-dg/qdata-module-dg-biz/src/main/java/tech/qiantong/qdata/module/dg/controller/admin/desensitizeRules/DgDesensitizeIntervalController.java,97,98,@GetMapping
476,qdata-server,dg,8080,POST,/dg/desensitizeRules,DgDesensitizeRuleController,add,Add desensitize rule,qdata-module-dg/qdata-module-dg-biz/src/main/java/tech/qiantong/qdata/module/dg/controller/admin/desensitizeRules/DgDesensitizeRuleController.java,106,107,@PostMapping
477,qdata-server,dg,8080,PUT,/dg/desensitizeRules,DgDesensitizeRuleController,edit,Update desensitize rule,qdata-module-dg/qdata-module-dg-biz/src/main/java/tech/qiantong/qdata/module/dg/controller/admin/desensitizeRules/DgDesensitizeRuleController.java,117,118,@PutMapping
478,qdata-server,dg,8080,POST,/dg/desensitizeRules/export,DgDesensitizeRuleController,export,Export desensitize rule list,qdata-module-dg/qdata-module-dg-biz/src/main/java/tech/qiantong/qdata/module/dg/controller/admin/desensitizeRules/DgDesensitizeRuleController.java,75,76,@PostMapping
479,qdata-server,dg,8080,POST,/dg/desensitizeRules/importData,DgDesensitizeRuleController,importData,Import desensitize rule list,qdata-module-dg/qdata-module-dg-biz/src/main/java/tech/qiantong/qdata/module/dg/controller/admin/desensitizeRules/DgDesensitizeRuleController.java,86,87,@PostMapping
480,qdata-server,dg,8080,GET,/dg/desensitizeRules/list,DgDesensitizeRuleController,list,Query desensitize rule list,qdata-module-dg/qdata-module-dg-biz/src/main/java/tech/qiantong/qdata/module/dg/controller/admin/desensitizeRules/DgDesensitizeRuleController.java,66,67,@GetMapping
481,qdata-server,dg,8080,DELETE,/dg/desensitizeRules/{ids},DgDesensitizeRuleController,remove,Delete desensitize rule,qdata-module-dg/qdata-module-dg-biz/src/main/java/tech/qiantong/qdata/module/dg/controller/admin/desensitizeRules/DgDesensitizeRuleController.java,128,129,@DeleteMapping
482,qdata-server,dg,8080,GET,/dg/desensitizeRules/{id},DgDesensitizeRuleController,getInfo,Get desensitize rule detail,qdata-module-dg/qdata-module-dg-biz/src/main/java/tech/qiantong/qdata/module/dg/controller/admin/desensitizeRules/DgDesensitizeRuleController.java,97,98,@GetMapping
483,qdata-server,dg,8080,POST,/dg/desensitizeUserRel,DgDesensitizeUserRelController,add,新增脱敏白名单与用户关联关系,qdata-module-dg/qdata-module-dg-biz/src/main/java/tech/qiantong/qdata/module/dg/controller/admin/whitelist/DgDesensitizeUserRelController.java,106,107,@PostMapping
484,qdata-server,dg,8080,PUT,/dg/desensitizeUserRel,DgDesensitizeUserRelController,edit,修改脱敏白名单与用户关联关系,qdata-module-dg/qdata-module-dg-biz/src/main/java/tech/qiantong/qdata/module/dg/controller/admin/whitelist/DgDesensitizeUserRelController.java,117,118,@PutMapping
485,qdata-server,dg,8080,POST,/dg/desensitizeUserRel/export,DgDesensitizeUserRelController,export,导出脱敏白名单与用户关联关系列表,qdata-module-dg/qdata-module-dg-biz/src/main/java/tech/qiantong/qdata/module/dg/controller/admin/whitelist/DgDesensitizeUserRelController.java,75,76,@PostMapping
486,qdata-server,dg,8080,POST,/dg/desensitizeUserRel/importData,DgDesensitizeUserRelController,importData,导入脱敏白名单与用户关联关系列表,qdata-module-dg/qdata-module-dg-biz/src/main/java/tech/qiantong/qdata/module/dg/controller/admin/whitelist/DgDesensitizeUserRelController.java,86,87,@PostMapping
487,qdata-server,dg,8080,GET,/dg/desensitizeUserRel/list,DgDesensitizeUserRelController,list,查询脱敏白名单与用户关联关系列表,qdata-module-dg/qdata-module-dg-biz/src/main/java/tech/qiantong/qdata/module/dg/controller/admin/whitelist/DgDesensitizeUserRelController.java,66,67,@GetMapping
488,qdata-server,dg,8080,DELETE,/dg/desensitizeUserRel/{ids},DgDesensitizeUserRelController,remove,删除脱敏白名单与用户关联关系,qdata-module-dg/qdata-module-dg-biz/src/main/java/tech/qiantong/qdata/module/dg/controller/admin/whitelist/DgDesensitizeUserRelController.java,128,129,@DeleteMapping
489,qdata-server,dg,8080,GET,/dg/desensitizeUserRel/{id},DgDesensitizeUserRelController,getInfo,获取脱敏白名单与用户关联关系详细信息,qdata-module-dg/qdata-module-dg-biz/src/main/java/tech/qiantong/qdata/module/dg/controller/admin/whitelist/DgDesensitizeUserRelController.java,97,98,@GetMapping
490,qdata-server,dg,8080,POST,/dg/desensitizeWhitelist,DgDesensitizeWhitelistController,add,Create desensitize whitelist,qdata-module-dg/qdata-module-dg-biz/src/main/java/tech/qiantong/qdata/module/dg/controller/admin/whitelist/DgDesensitizeWhitelistController.java,106,107,@PostMapping
491,qdata-server,dg,8080,PUT,/dg/desensitizeWhitelist,DgDesensitizeWhitelistController,edit,Update desensitize whitelist,qdata-module-dg/qdata-module-dg-biz/src/main/java/tech/qiantong/qdata/module/dg/controller/admin/whitelist/DgDesensitizeWhitelistController.java,117,118,@PutMapping
492,qdata-server,dg,8080,POST,/dg/desensitizeWhitelist/export,DgDesensitizeWhitelistController,export,Export desensitize whitelist list,qdata-module-dg/qdata-module-dg-biz/src/main/java/tech/qiantong/qdata/module/dg/controller/admin/whitelist/DgDesensitizeWhitelistController.java,75,76,@PostMapping
493,qdata-server,dg,8080,POST,/dg/desensitizeWhitelist/importData,DgDesensitizeWhitelistController,importData,Import desensitize whitelist,qdata-module-dg/qdata-module-dg-biz/src/main/java/tech/qiantong/qdata/module/dg/controller/admin/whitelist/DgDesensitizeWhitelistController.java,86,87,@PostMapping
494,qdata-server,dg,8080,GET,/dg/desensitizeWhitelist/list,DgDesensitizeWhitelistController,list,Query desensitize whitelist list,qdata-module-dg/qdata-module-dg-biz/src/main/java/tech/qiantong/qdata/module/dg/controller/admin/whitelist/DgDesensitizeWhitelistController.java,66,67,@GetMapping
495,qdata-server,dg,8080,DELETE,/dg/desensitizeWhitelist/{ids},DgDesensitizeWhitelistController,remove,Delete desensitize whitelist,qdata-module-dg/qdata-module-dg-biz/src/main/java/tech/qiantong/qdata/module/dg/controller/admin/whitelist/DgDesensitizeWhitelistController.java,128,129,@DeleteMapping
496,qdata-server,dg,8080,GET,/dg/desensitizeWhitelist/{id},DgDesensitizeWhitelistController,getInfo,Get desensitize whitelist detail,qdata-module-dg/qdata-module-dg-biz/src/main/java/tech/qiantong/qdata/module/dg/controller/admin/whitelist/DgDesensitizeWhitelistController.java,97,98,@GetMapping
497,qdata-server,dg,8080,POST,/dg/sensitiveLevel,DgSensitiveLevelController,add,新增敏感等级,qdata-module-dg/qdata-module-dg-biz/src/main/java/tech/qiantong/qdata/module/dg/controller/admin/sensitiveLevel/DgSensitiveLevelController.java,60,61,@PostMapping
498,qdata-server,dg,8080,PUT,/dg/sensitiveLevel,DgSensitiveLevelController,edit,修改敏感等级,qdata-module-dg/qdata-module-dg-biz/src/main/java/tech/qiantong/qdata/module/dg/controller/admin/sensitiveLevel/DgSensitiveLevelController.java,71,72,@PutMapping
499,qdata-server,dg,8080,GET,/dg/sensitiveLevel/list,DgSensitiveLevelController,list,查询敏感等级列表,qdata-module-dg/qdata-module-dg-biz/src/main/java/tech/qiantong/qdata/module/dg/controller/admin/sensitiveLevel/DgSensitiveLevelController.java,43,44,@GetMapping
500,qdata-server,dg,8080,POST,/dg/sensitiveLevel/updateStatus/{id}/{status},DgSensitiveLevelController,updateStatus,修改敏感等级状态,qdata-module-dg/qdata-module-dg-biz/src/main/java/tech/qiantong/qdata/module/dg/controller/admin/sensitiveLevel/DgSensitiveLevelController.java,82,83,@PostMapping
501,qdata-server,dg,8080,DELETE,/dg/sensitiveLevel/{ids},DgSensitiveLevelController,remove,删除敏感等级,qdata-module-dg/qdata-module-dg-biz/src/main/java/tech/qiantong/qdata/module/dg/controller/admin/sensitiveLevel/DgSensitiveLevelController.java,95,96,@DeleteMapping
502,qdata-server,dg,8080,GET,/dg/sensitiveLevel/{id},DgSensitiveLevelController,getInfo,获取敏感等级详细信息,qdata-module-dg/qdata-module-dg-biz/src/main/java/tech/qiantong/qdata/module/dg/controller/admin/sensitiveLevel/DgSensitiveLevelController.java,51,52,@GetMapping
503,qdata-server,dm,8080,POST,/dm/BusinessDomainRel,DmBusinessDomainRelController,add,新增业务分类数据域关联关系,qdata-module-dm/qdata-module-dm-biz/src/main/java/tech/qiantong/qdata/module/dm/controller/admin/businessCategory/DmBusinessDomainRelController.java,106,107,@PostMapping
504,qdata-server,dm,8080,PUT,/dm/BusinessDomainRel,DmBusinessDomainRelController,edit,修改业务分类数据域关联关系,qdata-module-dm/qdata-module-dm-biz/src/main/java/tech/qiantong/qdata/module/dm/controller/admin/businessCategory/DmBusinessDomainRelController.java,117,118,@PutMapping
505,qdata-server,dm,8080,DELETE,/dm/BusinessDomainRel/deletebyDomainId/{domainId}/{businessCategoryId},DmBusinessDomainRelController,deletebyDomainId,删除业务分类数据域关联关系,qdata-module-dm/qdata-module-dm-biz/src/main/java/tech/qiantong/qdata/module/dm/controller/admin/businessCategory/DmBusinessDomainRelController.java,136,137,@DeleteMapping
506,qdata-server,dm,8080,POST,/dm/BusinessDomainRel/export,DmBusinessDomainRelController,export,导出业务分类数据域关联关系列表,qdata-module-dm/qdata-module-dm-biz/src/main/java/tech/qiantong/qdata/module/dm/controller/admin/businessCategory/DmBusinessDomainRelController.java,75,76,@PostMapping
507,qdata-server,dm,8080,POST,/dm/BusinessDomainRel/importData,DmBusinessDomainRelController,importData,导入业务分类数据域关联关系列表,qdata-module-dm/qdata-module-dm-biz/src/main/java/tech/qiantong/qdata/module/dm/controller/admin/businessCategory/DmBusinessDomainRelController.java,86,87,@PostMapping
508,qdata-server,dm,8080,GET,/dm/BusinessDomainRel/list,DmBusinessDomainRelController,list,查询业务分类数据域关联关系列表,qdata-module-dm/qdata-module-dm-biz/src/main/java/tech/qiantong/qdata/module/dm/controller/admin/businessCategory/DmBusinessDomainRelController.java,66,67,@GetMapping
509,qdata-server,dm,8080,DELETE,/dm/BusinessDomainRel/{ids},DmBusinessDomainRelController,remove,删除业务分类数据域关联关系,qdata-module-dm/qdata-module-dm-biz/src/main/java/tech/qiantong/qdata/module/dm/controller/admin/businessCategory/DmBusinessDomainRelController.java,128,129,@DeleteMapping
510,qdata-server,dm,8080,GET,/dm/BusinessDomainRel/{id},DmBusinessDomainRelController,getInfo,获取业务分类数据域关联关系详细信息,qdata-module-dm/qdata-module-dm-biz/src/main/java/tech/qiantong/qdata/module/dm/controller/admin/businessCategory/DmBusinessDomainRelController.java,97,98,@GetMapping
511,qdata-server,dm,8080,POST,/dm/businessCategory,DmBusinessCategoryController,add,新增业务分类,qdata-module-dm/qdata-module-dm-biz/src/main/java/tech/qiantong/qdata/module/dm/controller/admin/businessCategory/DmBusinessCategoryController.java,115,116,@PostMapping
512,qdata-server,dm,8080,PUT,/dm/businessCategory,DmBusinessCategoryController,edit,修改业务分类,qdata-module-dm/qdata-module-dm-biz/src/main/java/tech/qiantong/qdata/module/dm/controller/admin/businessCategory/DmBusinessCategoryController.java,126,127,@PutMapping
513,qdata-server,dm,8080,POST,/dm/businessCategory/export,DmBusinessCategoryController,export,导出业务分类列表,qdata-module-dm/qdata-module-dm-biz/src/main/java/tech/qiantong/qdata/module/dm/controller/admin/businessCategory/DmBusinessCategoryController.java,84,85,@PostMapping
514,qdata-server,dm,8080,POST,/dm/businessCategory/importData,DmBusinessCategoryController,importData,导入业务分类列表,qdata-module-dm/qdata-module-dm-biz/src/main/java/tech/qiantong/qdata/module/dm/controller/admin/businessCategory/DmBusinessCategoryController.java,95,96,@PostMapping
515,qdata-server,dm,8080,GET,/dm/businessCategory/list,DmBusinessCategoryController,listAll,查询业务分类列表,qdata-module-dm/qdata-module-dm-biz/src/main/java/tech/qiantong/qdata/module/dm/controller/admin/businessCategory/DmBusinessCategoryController.java,74,75,@GetMapping
516,qdata-server,dm,8080,GET,/dm/businessCategory/listPage,DmBusinessCategoryController,list,查询业务分类列表,qdata-module-dm/qdata-module-dm-biz/src/main/java/tech/qiantong/qdata/module/dm/controller/admin/businessCategory/DmBusinessCategoryController.java,66,67,@GetMapping
517,qdata-server,dm,8080,DELETE,/dm/businessCategory/{ids},DmBusinessCategoryController,remove,删除业务分类,qdata-module-dm/qdata-module-dm-biz/src/main/java/tech/qiantong/qdata/module/dm/controller/admin/businessCategory/DmBusinessCategoryController.java,137,138,@DeleteMapping
518,qdata-server,dm,8080,GET,/dm/businessCategory/{id},DmBusinessCategoryController,getInfo,获取业务分类详细信息,qdata-module-dm/qdata-module-dm-biz/src/main/java/tech/qiantong/qdata/module/dm/controller/admin/businessCategory/DmBusinessCategoryController.java,106,107,@GetMapping
519,qdata-server,dm,8080,POST,/dm/dataDomain,DmDataDomainController,add,新增数据域管理,qdata-module-dm/qdata-module-dm-biz/src/main/java/tech/qiantong/qdata/module/dm/controller/admin/dm/DmDataDomainController.java,106,107,@PostMapping
520,qdata-server,dm,8080,PUT,/dm/dataDomain,DmDataDomainController,edit,修改数据域管理,qdata-module-dm/qdata-module-dm-biz/src/main/java/tech/qiantong/qdata/module/dm/controller/admin/dm/DmDataDomainController.java,117,118,@PutMapping
521,qdata-server,dm,8080,POST,/dm/dataDomain/export,DmDataDomainController,export,导出数据域管理列表,qdata-module-dm/qdata-module-dm-biz/src/main/java/tech/qiantong/qdata/module/dm/controller/admin/dm/DmDataDomainController.java,75,76,@PostMapping
522,qdata-server,dm,8080,POST,/dm/dataDomain/importData,DmDataDomainController,importData,导入数据域管理列表,qdata-module-dm/qdata-module-dm-biz/src/main/java/tech/qiantong/qdata/module/dm/controller/admin/dm/DmDataDomainController.java,86,87,@PostMapping
523,qdata-server,dm,8080,GET,/dm/dataDomain/list,DmDataDomainController,list,查询数据域管理列表,qdata-module-dm/qdata-module-dm-biz/src/main/java/tech/qiantong/qdata/module/dm/controller/admin/dm/DmDataDomainController.java,66,67,@GetMapping
524,qdata-server,dm,8080,GET,/dm/dataDomain/listByCategoryId,DmDataDomainController,listByCategoryId,查询数据域管理列通过业务分类id,qdata-module-dm/qdata-module-dm-biz/src/main/java/tech/qiantong/qdata/module/dm/controller/admin/dm/DmDataDomainController.java,135,136,@GetMapping
525,qdata-server,dm,8080,DELETE,/dm/dataDomain/{ids},DmDataDomainController,remove,删除数据域管理,qdata-module-dm/qdata-module-dm-biz/src/main/java/tech/qiantong/qdata/module/dm/controller/admin/dm/DmDataDomainController.java,128,129,@DeleteMapping
526,qdata-server,dm,8080,GET,/dm/dataDomain/{id},DmDataDomainController,getInfo,获取数据域管理详细信息,qdata-module-dm/qdata-module-dm-biz/src/main/java/tech/qiantong/qdata/module/dm/controller/admin/dm/DmDataDomainController.java,97,98,@GetMapping
527,qdata-server,dm,8080,POST,/dm/dataLayer,DmDataLayerController,add,新增数仓分层管理,qdata-module-dm/qdata-module-dm-biz/src/main/java/tech/qiantong/qdata/module/dm/controller/admin/dm/DmDataLayerController.java,117,118,@PostMapping
528,qdata-server,dm,8080,PUT,/dm/dataLayer,DmDataLayerController,edit,修改数仓分层管理,qdata-module-dm/qdata-module-dm-biz/src/main/java/tech/qiantong/qdata/module/dm/controller/admin/dm/DmDataLayerController.java,128,129,@PutMapping
529,qdata-server,dm,8080,POST,/dm/dataLayer/export,DmDataLayerController,export,导出数仓分层管理列表,qdata-module-dm/qdata-module-dm-biz/src/main/java/tech/qiantong/qdata/module/dm/controller/admin/dm/DmDataLayerController.java,86,87,@PostMapping
530,qdata-server,dm,8080,POST,/dm/dataLayer/importData,DmDataLayerController,importData,导入数仓分层管理列表,qdata-module-dm/qdata-module-dm-biz/src/main/java/tech/qiantong/qdata/module/dm/controller/admin/dm/DmDataLayerController.java,97,98,@PostMapping
531,qdata-server,dm,8080,GET,/dm/dataLayer/list,DmDataLayerController,list,查询数仓分层管理列表,qdata-module-dm/qdata-module-dm-biz/src/main/java/tech/qiantong/qdata/module/dm/controller/admin/dm/DmDataLayerController.java,70,71,@GetMapping
532,qdata-server,dm,8080,GET,/dm/dataLayer/tree,DmDataLayerController,tree,查询数仓分层管理树,qdata-module-dm/qdata-module-dm-biz/src/main/java/tech/qiantong/qdata/module/dm/controller/admin/dm/DmDataLayerController.java,78,79,@GetMapping
533,qdata-server,dm,8080,DELETE,/dm/dataLayer/{ids},DmDataLayerController,remove,删除数仓分层管理,qdata-module-dm/qdata-module-dm-biz/src/main/java/tech/qiantong/qdata/module/dm/controller/admin/dm/DmDataLayerController.java,139,140,@DeleteMapping
534,qdata-server,dm,8080,GET,/dm/dataLayer/{id},DmDataLayerController,getInfo,获取数仓分层管理详细信息,qdata-module-dm/qdata-module-dm-biz/src/main/java/tech/qiantong/qdata/module/dm/controller/admin/dm/DmDataLayerController.java,108,109,@GetMapping
535,qdata-server,dm,8080,POST,/dm/dataLayerSpecification,DmDataLayerSpecificationController,add,新增数仓分层-规范管理,qdata-module-dm/qdata-module-dm-biz/src/main/java/tech/qiantong/qdata/module/dm/controller/admin/dm/DmDataLayerSpecificationController.java,79,80,@PostMapping
536,qdata-server,dm,8080,PUT,/dm/dataLayerSpecification,DmDataLayerSpecificationController,edit,修改数仓分层-规范管理,qdata-module-dm/qdata-module-dm-biz/src/main/java/tech/qiantong/qdata/module/dm/controller/admin/dm/DmDataLayerSpecificationController.java,90,91,@PutMapping
537,qdata-server,dm,8080,GET,/dm/dataLayerSpecification/list,DmDataLayerSpecificationController,list,查询数仓分层-规范管理列表,qdata-module-dm/qdata-module-dm-biz/src/main/java/tech/qiantong/qdata/module/dm/controller/admin/dm/DmDataLayerSpecificationController.java,62,63,@GetMapping
538,qdata-server,dm,8080,DELETE,/dm/dataLayerSpecification/{ids},DmDataLayerSpecificationController,remove,删除数仓分层-规范管理,qdata-module-dm/qdata-module-dm-biz/src/main/java/tech/qiantong/qdata/module/dm/controller/admin/dm/DmDataLayerSpecificationController.java,101,102,@DeleteMapping
539,qdata-server,dm,8080,GET,/dm/dataLayerSpecification/{id},DmDataLayerSpecificationController,getInfo,获取数仓分层-规范管理详细信息,qdata-module-dm/qdata-module-dm-biz/src/main/java/tech/qiantong/qdata/module/dm/controller/admin/dm/DmDataLayerSpecificationController.java,70,71,@GetMapping
540,qdata-server,dm,8080,POST,/dm/themeDomain,DmThemeDomainController,add,新增主题域管理,qdata-module-dm/qdata-module-dm-biz/src/main/java/tech/qiantong/qdata/module/dm/controller/admin/dm/DmThemeDomainController.java,106,107,@PostMapping
541,qdata-server,dm,8080,PUT,/dm/themeDomain,DmThemeDomainController,edit,修改主题域管理,qdata-module-dm/qdata-module-dm-biz/src/main/java/tech/qiantong/qdata/module/dm/controller/admin/dm/DmThemeDomainController.java,117,118,@PutMapping
542,qdata-server,dm,8080,POST,/dm/themeDomain/export,DmThemeDomainController,export,导出主题域管理列表,qdata-module-dm/qdata-module-dm-biz/src/main/java/tech/qiantong/qdata/module/dm/controller/admin/dm/DmThemeDomainController.java,75,76,@PostMapping
543,qdata-server,dm,8080,POST,/dm/themeDomain/importData,DmThemeDomainController,importData,导入主题域管理列表,qdata-module-dm/qdata-module-dm-biz/src/main/java/tech/qiantong/qdata/module/dm/controller/admin/dm/DmThemeDomainController.java,86,87,@PostMapping
544,qdata-server,dm,8080,GET,/dm/themeDomain/list,DmThemeDomainController,list,查询主题域管理列表,qdata-module-dm/qdata-module-dm-biz/src/main/java/tech/qiantong/qdata/module/dm/controller/admin/dm/DmThemeDomainController.java,66,67,@GetMapping
545,qdata-server,dm,8080,DELETE,/dm/themeDomain/{ids},DmThemeDomainController,remove,删除主题域管理,qdata-module-dm/qdata-module-dm-biz/src/main/java/tech/qiantong/qdata/module/dm/controller/admin/dm/DmThemeDomainController.java,128,129,@DeleteMapping
546,qdata-server,dm,8080,GET,/dm/themeDomain/{id},DmThemeDomainController,getInfo,获取主题域管理详细信息,qdata-module-dm/qdata-module-dm-biz/src/main/java/tech/qiantong/qdata/module/dm/controller/admin/dm/DmThemeDomainController.java,97,98,@GetMapping
547,qdata-server,dp,8080,POST,/dp/codeMap,DpCodeMapController,add,新增数据元代码映射,qdata-module-dp/qdata-module-dp-biz/src/main/java/tech/qiantong/qdata/module/dp/controller/admin/codeMap/DpCodeMapController.java,105,106,@PostMapping
548,qdata-server,dp,8080,PUT,/dp/codeMap,DpCodeMapController,edit,修改数据元代码映射,qdata-module-dp/qdata-module-dp-biz/src/main/java/tech/qiantong/qdata/module/dp/controller/admin/codeMap/DpCodeMapController.java,116,117,@PutMapping
549,qdata-server,dp,8080,POST,/dp/codeMap/export,DpCodeMapController,export,导出数据元代码映射列表,qdata-module-dp/qdata-module-dp-biz/src/main/java/tech/qiantong/qdata/module/dp/controller/admin/codeMap/DpCodeMapController.java,74,75,@PostMapping
550,qdata-server,dp,8080,POST,/dp/codeMap/importData,DpCodeMapController,importData,导入数据元代码映射列表,qdata-module-dp/qdata-module-dp-biz/src/main/java/tech/qiantong/qdata/module/dp/controller/admin/codeMap/DpCodeMapController.java,85,86,@PostMapping
551,qdata-server,dp,8080,GET,/dp/codeMap/list,DpCodeMapController,list,查询数据元代码映射列表,qdata-module-dp/qdata-module-dp-biz/src/main/java/tech/qiantong/qdata/module/dp/controller/admin/codeMap/DpCodeMapController.java,65,66,@GetMapping
552,qdata-server,dp,8080,DELETE,/dp/codeMap/{ids},DpCodeMapController,remove,删除数据元代码映射,qdata-module-dp/qdata-module-dp-biz/src/main/java/tech/qiantong/qdata/module/dp/controller/admin/codeMap/DpCodeMapController.java,127,128,@DeleteMapping
553,qdata-server,dp,8080,GET,/dp/codeMap/{id},DpCodeMapController,getInfo,获取数据元代码映射详细信息,qdata-module-dp/qdata-module-dp-biz/src/main/java/tech/qiantong/qdata/module/dp/controller/admin/codeMap/DpCodeMapController.java,96,97,@GetMapping
554,qdata-server,dp,8080,POST,/dp/dataElem,DpDataElemController,add,新增数据元,qdata-module-dp/qdata-module-dp-biz/src/main/java/tech/qiantong/qdata/module/dp/controller/admin/dataElem/DpDataElemController.java,123,124,@PostMapping
555,qdata-server,dp,8080,PUT,/dp/dataElem,DpDataElemController,edit,修改数据元,qdata-module-dp/qdata-module-dp-biz/src/main/java/tech/qiantong/qdata/module/dp/controller/admin/dataElem/DpDataElemController.java,134,135,@PutMapping
556,qdata-server,dp,8080,POST,/dp/dataElem/export,DpDataElemController,export,导出数据元列表,qdata-module-dp/qdata-module-dp-biz/src/main/java/tech/qiantong/qdata/module/dp/controller/admin/dataElem/DpDataElemController.java,84,85,@PostMapping
557,qdata-server,dp,8080,GET,/dp/dataElem/getDpDataElemList,DpDataElemController,getDpDataElemList,查询数据元列表,qdata-module-dp/qdata-module-dp-biz/src/main/java/tech/qiantong/qdata/module/dp/controller/admin/dataElem/DpDataElemController.java,75,76,@GetMapping
558,qdata-server,dp,8080,POST,/dp/dataElem/importData,DpDataElemController,importData,导入数据元列表,qdata-module-dp/qdata-module-dp-biz/src/main/java/tech/qiantong/qdata/module/dp/controller/admin/dataElem/DpDataElemController.java,95,96,@PostMapping
559,qdata-server,dp,8080,GET,/dp/dataElem/importTemplate,DpDataElemController,importTemplate,下载数据元导入模板,qdata-module-dp/qdata-module-dp-biz/src/main/java/tech/qiantong/qdata/module/dp/controller/admin/dataElem/DpDataElemController.java,106,107,@RequestMapping
560,qdata-server,dp,8080,POST,/dp/dataElem/importTemplate,DpDataElemController,importTemplate,下载数据元导入模板,qdata-module-dp/qdata-module-dp-biz/src/main/java/tech/qiantong/qdata/module/dp/controller/admin/dataElem/DpDataElemController.java,106,107,@RequestMapping
561,qdata-server,dp,8080,GET,/dp/dataElem/list,DpDataElemController,list,查询数据元列表,qdata-module-dp/qdata-module-dp-biz/src/main/java/tech/qiantong/qdata/module/dp/controller/admin/dataElem/DpDataElemController.java,67,68,@GetMapping
562,qdata-server,dp,8080,POST,/dp/dataElem/updateStatus/{id}/{status},DpDataElemController,updateStatus,更改数据元状态,qdata-module-dp/qdata-module-dp-biz/src/main/java/tech/qiantong/qdata/module/dp/controller/admin/dataElem/DpDataElemController.java,153,154,@PostMapping
563,qdata-server,dp,8080,DELETE,/dp/dataElem/{ids},DpDataElemController,remove,删除数据元,qdata-module-dp/qdata-module-dp-biz/src/main/java/tech/qiantong/qdata/module/dp/controller/admin/dataElem/DpDataElemController.java,145,146,@DeleteMapping
564,qdata-server,dp,8080,GET,/dp/dataElem/{id},DpDataElemController,getInfo,获取数据元详细信息,qdata-module-dp/qdata-module-dp-biz/src/main/java/tech/qiantong/qdata/module/dp/controller/admin/dataElem/DpDataElemController.java,114,115,@GetMapping
565,qdata-server,dp,8080,POST,/dp/dataElemAssetRel,DpDataElemAssetRelController,add,新增数据元数据资产关联信息,qdata-module-dp/qdata-module-dp-biz/src/main/java/tech/qiantong/qdata/module/dp/controller/admin/dataElem/DpDataElemAssetRelController.java,105,106,@PostMapping
566,qdata-server,dp,8080,PUT,/dp/dataElemAssetRel,DpDataElemAssetRelController,edit,修改数据元数据资产关联信息,qdata-module-dp/qdata-module-dp-biz/src/main/java/tech/qiantong/qdata/module/dp/controller/admin/dataElem/DpDataElemAssetRelController.java,116,117,@PutMapping
567,qdata-server,dp,8080,POST,/dp/dataElemAssetRel/export,DpDataElemAssetRelController,export,导出数据元数据资产关联信息列表,qdata-module-dp/qdata-module-dp-biz/src/main/java/tech/qiantong/qdata/module/dp/controller/admin/dataElem/DpDataElemAssetRelController.java,74,75,@PostMapping
568,qdata-server,dp,8080,POST,/dp/dataElemAssetRel/importData,DpDataElemAssetRelController,importData,导入数据元数据资产关联信息列表,qdata-module-dp/qdata-module-dp-biz/src/main/java/tech/qiantong/qdata/module/dp/controller/admin/dataElem/DpDataElemAssetRelController.java,85,86,@PostMapping
569,qdata-server,dp,8080,GET,/dp/dataElemAssetRel/list,DpDataElemAssetRelController,list,查询数据元数据资产关联信息列表,qdata-module-dp/qdata-module-dp-biz/src/main/java/tech/qiantong/qdata/module/dp/controller/admin/dataElem/DpDataElemAssetRelController.java,65,66,@GetMapping
570,qdata-server,dp,8080,DELETE,/dp/dataElemAssetRel/{ids},DpDataElemAssetRelController,remove,删除数据元数据资产关联信息,qdata-module-dp/qdata-module-dp-biz/src/main/java/tech/qiantong/qdata/module/dp/controller/admin/dataElem/DpDataElemAssetRelController.java,127,128,@DeleteMapping
571,qdata-server,dp,8080,GET,/dp/dataElemAssetRel/{id},DpDataElemAssetRelController,getInfo,获取数据元数据资产关联信息详细信息,qdata-module-dp/qdata-module-dp-biz/src/main/java/tech/qiantong/qdata/module/dp/controller/admin/dataElem/DpDataElemAssetRelController.java,96,97,@GetMapping
572,qdata-server,dp,8080,POST,/dp/dataElemCode,DpDataElemCodeController,add,新增数据元代码,qdata-module-dp/qdata-module-dp-biz/src/main/java/tech/qiantong/qdata/module/dp/controller/admin/dataElem/DpDataElemCodeController.java,108,109,@PostMapping
573,qdata-server,dp,8080,PUT,/dp/dataElemCode,DpDataElemCodeController,edit,修改数据元代码,qdata-module-dp/qdata-module-dp-biz/src/main/java/tech/qiantong/qdata/module/dp/controller/admin/dataElem/DpDataElemCodeController.java,119,120,@PutMapping
574,qdata-server,dp,8080,POST,/dp/dataElemCode/export,DpDataElemCodeController,export,导出数据元代码列表,qdata-module-dp/qdata-module-dp-biz/src/main/java/tech/qiantong/qdata/module/dp/controller/admin/dataElem/DpDataElemCodeController.java,77,78,@PostMapping
575,qdata-server,dp,8080,POST,/dp/dataElemCode/importData,DpDataElemCodeController,importData,导入数据元代码列表,qdata-module-dp/qdata-module-dp-biz/src/main/java/tech/qiantong/qdata/module/dp/controller/admin/dataElem/DpDataElemCodeController.java,88,89,@PostMapping
576,qdata-server,dp,8080,GET,/dp/dataElemCode/list,DpDataElemCodeController,list,查询数据元代码列表,qdata-module-dp/qdata-module-dp-biz/src/main/java/tech/qiantong/qdata/module/dp/controller/admin/dataElem/DpDataElemCodeController.java,68,69,@GetMapping
577,qdata-server,dp,8080,GET,/dp/dataElemCode/validateCodeValue,DpDataElemCodeController,validateCodeValue,校验源代码值,qdata-module-dp/qdata-module-dp-biz/src/main/java/tech/qiantong/qdata/module/dp/controller/admin/dataElem/DpDataElemCodeController.java,136,137,@GetMapping
578,qdata-server,dp,8080,DELETE,/dp/dataElemCode/{ids},DpDataElemCodeController,remove,删除数据元代码,qdata-module-dp/qdata-module-dp-biz/src/main/java/tech/qiantong/qdata/module/dp/controller/admin/dataElem/DpDataElemCodeController.java,130,131,@DeleteMapping
579,qdata-server,dp,8080,GET,/dp/dataElemCode/{id},DpDataElemCodeController,getInfo,获取数据元代码详细信息,qdata-module-dp/qdata-module-dp-biz/src/main/java/tech/qiantong/qdata/module/dp/controller/admin/dataElem/DpDataElemCodeController.java,99,100,@GetMapping
580,qdata-server,dp,8080,POST,/dp/dataElemRuleRel,DpDataElemRuleRelController,add,新增数据元数据规则关联信息,qdata-module-dp/qdata-module-dp-biz/src/main/java/tech/qiantong/qdata/module/dp/controller/admin/dataElem/DpDataElemRuleRelController.java,108,109,@PostMapping
581,qdata-server,dp,8080,PUT,/dp/dataElemRuleRel,DpDataElemRuleRelController,edit,修改数据元数据规则关联信息,qdata-module-dp/qdata-module-dp-biz/src/main/java/tech/qiantong/qdata/module/dp/controller/admin/dataElem/DpDataElemRuleRelController.java,119,120,@PutMapping
582,qdata-server,dp,8080,POST,/dp/dataElemRuleRel/export,DpDataElemRuleRelController,export,导出数据元数据规则关联信息列表,qdata-module-dp/qdata-module-dp-biz/src/main/java/tech/qiantong/qdata/module/dp/controller/admin/dataElem/DpDataElemRuleRelController.java,77,78,@PostMapping
583,qdata-server,dp,8080,POST,/dp/dataElemRuleRel/importData,DpDataElemRuleRelController,importData,导入数据元数据规则关联信息列表,qdata-module-dp/qdata-module-dp-biz/src/main/java/tech/qiantong/qdata/module/dp/controller/admin/dataElem/DpDataElemRuleRelController.java,88,89,@PostMapping
584,qdata-server,dp,8080,GET,/dp/dataElemRuleRel/list,DpDataElemRuleRelController,list,查询数据元数据规则关联信息列表,qdata-module-dp/qdata-module-dp-biz/src/main/java/tech/qiantong/qdata/module/dp/controller/admin/dataElem/DpDataElemRuleRelController.java,68,69,@GetMapping
585,qdata-server,dp,8080,DELETE,/dp/dataElemRuleRel/{ids},DpDataElemRuleRelController,remove,删除数据元数据规则关联信息,qdata-module-dp/qdata-module-dp-biz/src/main/java/tech/qiantong/qdata/module/dp/controller/admin/dataElem/DpDataElemRuleRelController.java,130,131,@DeleteMapping
586,qdata-server,dp,8080,GET,/dp/dataElemRuleRel/{id},DpDataElemRuleRelController,getInfo,获取数据元数据规则关联信息详细信息,qdata-module-dp/qdata-module-dp-biz/src/main/java/tech/qiantong/qdata/module/dp/controller/admin/dataElem/DpDataElemRuleRelController.java,99,100,@GetMapping
587,qdata-server,dp,8080,POST,/dp/document,DpDocumentController,add,新增标准信息登记,qdata-module-dp/qdata-module-dp-biz/src/main/java/tech/qiantong/qdata/module/dp/controller/admin/document/DpDocumentController.java,106,107,@PostMapping
588,qdata-server,dp,8080,PUT,/dp/document,DpDocumentController,edit,修改标准信息登记,qdata-module-dp/qdata-module-dp-biz/src/main/java/tech/qiantong/qdata/module/dp/controller/admin/document/DpDocumentController.java,116,117,@PutMapping
589,qdata-server,dp,8080,POST,/dp/document/export,DpDocumentController,export,导出标准信息登记列表,qdata-module-dp/qdata-module-dp-biz/src/main/java/tech/qiantong/qdata/module/dp/controller/admin/document/DpDocumentController.java,78,79,@PostMapping
590,qdata-server,dp,8080,GET,/dp/document/getDpDocumentList,DpDocumentController,getDpDocumentList,查询标准信息登记列表,qdata-module-dp/qdata-module-dp-biz/src/main/java/tech/qiantong/qdata/module/dp/controller/admin/document/DpDocumentController.java,70,71,@GetMapping
591,qdata-server,dp,8080,POST,/dp/document/importData,DpDocumentController,importData,导入标准信息登记列表,qdata-module-dp/qdata-module-dp-biz/src/main/java/tech/qiantong/qdata/module/dp/controller/admin/document/DpDocumentController.java,88,89,@PostMapping
592,qdata-server,dp,8080,GET,/dp/document/list,DpDocumentController,list,查询标准信息登记列表,qdata-module-dp/qdata-module-dp-biz/src/main/java/tech/qiantong/qdata/module/dp/controller/admin/document/DpDocumentController.java,62,63,@GetMapping
593,qdata-server,dp,8080,GET,/dp/document/search,DpDocumentController,search,查询标准检索列表,qdata-module-dp/qdata-module-dp-biz/src/main/java/tech/qiantong/qdata/module/dp/controller/admin/document/DpDocumentController.java,140,141,@GetMapping
594,qdata-server,dp,8080,GET,/dp/document/{ID},DpDocumentController,getInfo,获取标准信息登记详细信息,qdata-module-dp/qdata-module-dp-biz/src/main/java/tech/qiantong/qdata/module/dp/controller/admin/document/DpDocumentController.java,98,99,@GetMapping
595,qdata-server,dp,8080,DELETE,/dp/document/{id},DpDocumentController,remove,删除标准信息登记,qdata-module-dp/qdata-module-dp-biz/src/main/java/tech/qiantong/qdata/module/dp/controller/admin/document/DpDocumentController.java,134,135,@DeleteMapping
596,qdata-server,dp,8080,POST,/dp/model,DpModelController,add,新增逻辑模型,qdata-module-dp/qdata-module-dp-biz/src/main/java/tech/qiantong/qdata/module/dp/controller/admin/model/DpModelController.java,116,117,@PostMapping
597,qdata-server,dp,8080,PUT,/dp/model,DpModelController,edit,修改逻辑模型,qdata-module-dp/qdata-module-dp-biz/src/main/java/tech/qiantong/qdata/module/dp/controller/admin/model/DpModelController.java,127,128,@PutMapping
598,qdata-server,dp,8080,GET,/dp/model/batchDeleteCheck/{ids},DpModelController,batchDeleteCheck,批量删除检查表元数据,qdata-module-dp/qdata-module-dp-biz/src/main/java/tech/qiantong/qdata/module/dp/controller/admin/model/DpModelController.java,145,146,@GetMapping
599,qdata-server,dp,8080,DELETE,/dp/model/columnAll/{ids},DpModelController,removeAndColumnAll,删除逻辑模型连带字段一起删除,qdata-module-dp/qdata-module-dp-biz/src/main/java/tech/qiantong/qdata/module/dp/controller/admin/model/DpModelController.java,154,155,@DeleteMapping
600,qdata-server,dp,8080,POST,/dp/model/export,DpModelController,export,导出逻辑模型列表,qdata-module-dp/qdata-module-dp-biz/src/main/java/tech/qiantong/qdata/module/dp/controller/admin/model/DpModelController.java,85,86,@PostMapping
601,qdata-server,dp,8080,GET,/dp/model/getTreeData,DpModelController,getTree,获取树类目数据（多个数据组合而来）,qdata-module-dp/qdata-module-dp-biz/src/main/java/tech/qiantong/qdata/module/dp/controller/admin/model/DpModelController.java,168,169,@GetMapping
602,qdata-server,dp,8080,POST,/dp/model/importData,DpModelController,importData,导入逻辑模型列表,qdata-module-dp/qdata-module-dp-biz/src/main/java/tech/qiantong/qdata/module/dp/controller/admin/model/DpModelController.java,96,97,@PostMapping
603,qdata-server,dp,8080,GET,/dp/model/list,DpModelController,list,查询逻辑模型列表,qdata-module-dp/qdata-module-dp-biz/src/main/java/tech/qiantong/qdata/module/dp/controller/admin/model/DpModelController.java,68,69,@GetMapping
604,qdata-server,dp,8080,GET,/dp/model/releaseList,DpModelController,releaseList,查询发布模型列表,qdata-module-dp/qdata-module-dp-biz/src/main/java/tech/qiantong/qdata/module/dp/controller/admin/model/DpModelController.java,76,77,@GetMapping
605,qdata-server,dp,8080,POST,/dp/model/updateStatus/{id}/{status},DpModelController,updateStatus,更改状态,qdata-module-dp/qdata-module-dp-biz/src/main/java/tech/qiantong/qdata/module/dp/controller/admin/model/DpModelController.java,162,163,@PostMapping
606,qdata-server,dp,8080,GET,/dp/model/{ID},DpModelController,getInfo,获取逻辑模型详细信息,qdata-module-dp/qdata-module-dp-biz/src/main/java/tech/qiantong/qdata/module/dp/controller/admin/model/DpModelController.java,107,108,@GetMapping
607,qdata-server,dp,8080,DELETE,/dp/model/{ids},DpModelController,remove,删除逻辑模型,qdata-module-dp/qdata-module-dp-biz/src/main/java/tech/qiantong/qdata/module/dp/controller/admin/model/DpModelController.java,138,139,@DeleteMapping
608,qdata-server,dp,8080,POST,/dp/modelColumn,DpModelColumnController,add,新增逻辑模型属性信息,qdata-module-dp/qdata-module-dp-biz/src/main/java/tech/qiantong/qdata/module/dp/controller/admin/model/DpModelColumnController.java,113,114,@PostMapping
609,qdata-server,dp,8080,PUT,/dp/modelColumn,DpModelColumnController,edit,修改逻辑模型属性信息,qdata-module-dp/qdata-module-dp-biz/src/main/java/tech/qiantong/qdata/module/dp/controller/admin/model/DpModelColumnController.java,124,125,@PutMapping
610,qdata-server,dp,8080,POST,/dp/modelColumn/addList,DpModelColumnController,addList,批量新增逻辑模型属性信息,qdata-module-dp/qdata-module-dp-biz/src/main/java/tech/qiantong/qdata/module/dp/controller/admin/model/DpModelColumnController.java,135,136,@PostMapping
611,qdata-server,dp,8080,PUT,/dp/modelColumn/editList,DpModelColumnController,editList,批量修改逻辑模型属性信息,qdata-module-dp/qdata-module-dp-biz/src/main/java/tech/qiantong/qdata/module/dp/controller/admin/model/DpModelColumnController.java,148,149,@PutMapping
612,qdata-server,dp,8080,POST,/dp/modelColumn/export,DpModelColumnController,export,导出逻辑模型属性信息列表,qdata-module-dp/qdata-module-dp-biz/src/main/java/tech/qiantong/qdata/module/dp/controller/admin/model/DpModelColumnController.java,82,83,@PostMapping
613,qdata-server,dp,8080,GET,/dp/modelColumn/getDpModelColumnList,DpModelColumnController,getDpModelColumnList,查询逻辑模型属性信息列表,qdata-module-dp/qdata-module-dp-biz/src/main/java/tech/qiantong/qdata/module/dp/controller/admin/model/DpModelColumnController.java,73,74,@GetMapping
614,qdata-server,dp,8080,POST,/dp/modelColumn/importData,DpModelColumnController,importData,导入逻辑模型属性信息列表,qdata-module-dp/qdata-module-dp-biz/src/main/java/tech/qiantong/qdata/module/dp/controller/admin/model/DpModelColumnController.java,93,94,@PostMapping
615,qdata-server,dp,8080,GET,/dp/modelColumn/list,DpModelColumnController,list,查询逻辑模型属性信息列表,qdata-module-dp/qdata-module-dp-biz/src/main/java/tech/qiantong/qdata/module/dp/controller/admin/model/DpModelColumnController.java,65,66,@GetMapping
616,qdata-server,dp,8080,DELETE,/dp/modelColumn/{ids},DpModelColumnController,remove,删除逻辑模型属性信息,qdata-module-dp/qdata-module-dp-biz/src/main/java/tech/qiantong/qdata/module/dp/controller/admin/model/DpModelColumnController.java,161,162,@DeleteMapping
617,qdata-server,dp,8080,GET,/dp/modelColumn/{id},DpModelColumnController,getInfo,获取逻辑模型属性信息详细信息,qdata-module-dp/qdata-module-dp-biz/src/main/java/tech/qiantong/qdata/module/dp/controller/admin/model/DpModelColumnController.java,104,105,@GetMapping
618,qdata-server,dp,8080,POST,/dp/modelMaterialized,DpModelMaterializedController,add,新增物化模型记录,qdata-module-dp/qdata-module-dp-biz/src/main/java/tech/qiantong/qdata/module/dp/controller/admin/model/DpModelMaterializedController.java,76,77,@PostMapping
619,qdata-server,dp,8080,PUT,/dp/modelMaterialized,DpModelMaterializedController,edit,修改物化模型记录,qdata-module-dp/qdata-module-dp-biz/src/main/java/tech/qiantong/qdata/module/dp/controller/admin/model/DpModelMaterializedController.java,98,99,@PutMapping
620,qdata-server,dp,8080,POST,/dp/modelMaterialized/createMaterializedTable,DpModelMaterializedController,createMaterializedTable,新增物化模型记录,qdata-module-dp/qdata-module-dp-biz/src/main/java/tech/qiantong/qdata/module/dp/controller/admin/model/DpModelMaterializedController.java,87,88,@PostMapping
621,qdata-server,dp,8080,GET,/dp/modelMaterialized/list,DpModelMaterializedController,list,查询物化模型记录列表,qdata-module-dp/qdata-module-dp-biz/src/main/java/tech/qiantong/qdata/module/dp/controller/admin/model/DpModelMaterializedController.java,59,60,@GetMapping
622,qdata-server,dp,8080,DELETE,/dp/modelMaterialized/{ids},DpModelMaterializedController,remove,删除物化模型记录,qdata-module-dp/qdata-module-dp-biz/src/main/java/tech/qiantong/qdata/module/dp/controller/admin/model/DpModelMaterializedController.java,109,110,@DeleteMapping
623,qdata-server,dp,8080,GET,/dp/modelMaterialized/{id},DpModelMaterializedController,getInfo,获取物化模型记录详细信息,qdata-module-dp/qdata-module-dp-biz/src/main/java/tech/qiantong/qdata/module/dp/controller/admin/model/DpModelMaterializedController.java,67,68,@GetMapping
624,qdata-server,dpp,8080,POST,/dpp/etlExecutors/execute/{taskInstanceId}/{executeType},DppEtlExecutorController,execute,执行命令,qdata-module-dpp/qdata-module-dpp-biz/src/main/java/tech/qiantong/qdata/module/dpp/controller/admin/etl/DppEtlExecutorController.java,56,57,@PostMapping
625,qdata-server,dpp,8080,POST,/dpp/etlNode,DppEtlNodeController,add,新增数据集成节点,qdata-module-dpp/qdata-module-dpp-biz/src/main/java/tech/qiantong/qdata/module/dpp/controller/admin/etl/DppEtlNodeController.java,106,107,@PostMapping
626,qdata-server,dpp,8080,PUT,/dpp/etlNode,DppEtlNodeController,edit,修改数据集成节点,qdata-module-dpp/qdata-module-dpp-biz/src/main/java/tech/qiantong/qdata/module/dpp/controller/admin/etl/DppEtlNodeController.java,117,118,@PutMapping
627,qdata-server,dpp,8080,POST,/dpp/etlNode/export,DppEtlNodeController,export,导出数据集成节点列表,qdata-module-dpp/qdata-module-dpp-biz/src/main/java/tech/qiantong/qdata/module/dpp/controller/admin/etl/DppEtlNodeController.java,75,76,@PostMapping
628,qdata-server,dpp,8080,POST,/dpp/etlNode/importData,DppEtlNodeController,importData,导入数据集成节点列表,qdata-module-dpp/qdata-module-dpp-biz/src/main/java/tech/qiantong/qdata/module/dpp/controller/admin/etl/DppEtlNodeController.java,86,87,@PostMapping
629,qdata-server,dpp,8080,GET,/dpp/etlNode/list,DppEtlNodeController,list,查询数据集成节点列表,qdata-module-dpp/qdata-module-dpp-biz/src/main/java/tech/qiantong/qdata/module/dpp/controller/admin/etl/DppEtlNodeController.java,66,67,@GetMapping
630,qdata-server,dpp,8080,DELETE,/dpp/etlNode/{ids},DppEtlNodeController,remove,删除数据集成节点,qdata-module-dpp/qdata-module-dpp-biz/src/main/java/tech/qiantong/qdata/module/dpp/controller/admin/etl/DppEtlNodeController.java,128,129,@DeleteMapping
631,qdata-server,dpp,8080,GET,/dpp/etlNode/{id},DppEtlNodeController,getInfo,获取数据集成节点详细信息,qdata-module-dpp/qdata-module-dpp-biz/src/main/java/tech/qiantong/qdata/module/dpp/controller/admin/etl/DppEtlNodeController.java,97,98,@GetMapping
632,qdata-server,dpp,8080,POST,/dpp/etlNodeInstance,DppEtlNodeInstanceController,add,新增数据集成节点实例,qdata-module-dpp/qdata-module-dpp-biz/src/main/java/tech/qiantong/qdata/module/dpp/controller/admin/etl/DppEtlNodeInstanceController.java,127,128,@PostMapping
633,qdata-server,dpp,8080,PUT,/dpp/etlNodeInstance,DppEtlNodeInstanceController,edit,修改数据集成节点实例,qdata-module-dpp/qdata-module-dpp-biz/src/main/java/tech/qiantong/qdata/module/dpp/controller/admin/etl/DppEtlNodeInstanceController.java,138,139,@PutMapping
634,qdata-server,dpp,8080,POST,/dpp/etlNodeInstance/downloadLog,DppEtlNodeInstanceController,downloadLog,查看日志详情,qdata-module-dpp/qdata-module-dpp-biz/src/main/java/tech/qiantong/qdata/module/dpp/controller/admin/etl/DppEtlNodeInstanceController.java,173,175,@RequestMapping
635,qdata-server,dpp,8080,POST,/dpp/etlNodeInstance/export,DppEtlNodeInstanceController,export,导出数据集成节点实例列表,qdata-module-dpp/qdata-module-dpp-biz/src/main/java/tech/qiantong/qdata/module/dpp/controller/admin/etl/DppEtlNodeInstanceController.java,96,97,@PostMapping
636,qdata-server,dpp,8080,POST,/dpp/etlNodeInstance/importData,DppEtlNodeInstanceController,importData,导入数据集成节点实例列表,qdata-module-dpp/qdata-module-dpp-biz/src/main/java/tech/qiantong/qdata/module/dpp/controller/admin/etl/DppEtlNodeInstanceController.java,107,108,@PostMapping
637,qdata-server,dpp,8080,GET,/dpp/etlNodeInstance/list,DppEtlNodeInstanceController,list,查询数据集成节点实例列表,qdata-module-dpp/qdata-module-dpp-biz/src/main/java/tech/qiantong/qdata/module/dpp/controller/admin/etl/DppEtlNodeInstanceController.java,87,88,@GetMapping
638,qdata-server,dpp,8080,GET,/dpp/etlNodeInstance/log/{id},DppEtlNodeInstanceController,getLogInfo,查看日志详情,qdata-module-dpp/qdata-module-dpp-biz/src/main/java/tech/qiantong/qdata/module/dpp/controller/admin/etl/DppEtlNodeInstanceController.java,156,157,@GetMapping
639,qdata-server,dpp,8080,DELETE,/dpp/etlNodeInstance/{ids},DppEtlNodeInstanceController,remove,删除数据集成节点实例,qdata-module-dpp/qdata-module-dpp-biz/src/main/java/tech/qiantong/qdata/module/dpp/controller/admin/etl/DppEtlNodeInstanceController.java,149,150,@DeleteMapping
640,qdata-server,dpp,8080,GET,/dpp/etlNodeInstance/{id},DppEtlNodeInstanceController,getInfo,获取数据集成节点实例详细信息,qdata-module-dpp/qdata-module-dpp-biz/src/main/java/tech/qiantong/qdata/module/dpp/controller/admin/etl/DppEtlNodeInstanceController.java,118,119,@GetMapping
641,qdata-server,dpp,8080,POST,/dpp/etlNodeLog,DppEtlNodeLogController,add,新增数据集成节点-日志,qdata-module-dpp/qdata-module-dpp-biz/src/main/java/tech/qiantong/qdata/module/dpp/controller/admin/etl/DppEtlNodeLogController.java,106,107,@PostMapping
642,qdata-server,dpp,8080,PUT,/dpp/etlNodeLog,DppEtlNodeLogController,edit,修改数据集成节点-日志,qdata-module-dpp/qdata-module-dpp-biz/src/main/java/tech/qiantong/qdata/module/dpp/controller/admin/etl/DppEtlNodeLogController.java,117,118,@PutMapping
643,qdata-server,dpp,8080,POST,/dpp/etlNodeLog/export,DppEtlNodeLogController,export,导出数据集成节点-日志列表,qdata-module-dpp/qdata-module-dpp-biz/src/main/java/tech/qiantong/qdata/module/dpp/controller/admin/etl/DppEtlNodeLogController.java,75,76,@PostMapping
644,qdata-server,dpp,8080,POST,/dpp/etlNodeLog/importData,DppEtlNodeLogController,importData,导入数据集成节点-日志列表,qdata-module-dpp/qdata-module-dpp-biz/src/main/java/tech/qiantong/qdata/module/dpp/controller/admin/etl/DppEtlNodeLogController.java,86,87,@PostMapping
645,qdata-server,dpp,8080,GET,/dpp/etlNodeLog/list,DppEtlNodeLogController,list,查询数据集成节点-日志列表,qdata-module-dpp/qdata-module-dpp-biz/src/main/java/tech/qiantong/qdata/module/dpp/controller/admin/etl/DppEtlNodeLogController.java,66,67,@GetMapping
646,qdata-server,dpp,8080,DELETE,/dpp/etlNodeLog/{ids},DppEtlNodeLogController,remove,删除数据集成节点-日志,qdata-module-dpp/qdata-module-dpp-biz/src/main/java/tech/qiantong/qdata/module/dpp/controller/admin/etl/DppEtlNodeLogController.java,128,129,@DeleteMapping
647,qdata-server,dpp,8080,GET,/dpp/etlNodeLog/{id},DppEtlNodeLogController,getInfo,获取数据集成节点-日志详细信息,qdata-module-dpp/qdata-module-dpp-biz/src/main/java/tech/qiantong/qdata/module/dpp/controller/admin/etl/DppEtlNodeLogController.java,97,98,@GetMapping
648,qdata-server,dpp,8080,POST,/dpp/etlScheduler,DppEtlSchedulerController,add,新增数据集成调度信息,qdata-module-dpp/qdata-module-dpp-biz/src/main/java/tech/qiantong/qdata/module/dpp/controller/admin/etl/DppEtlSchedulerController.java,106,107,@PostMapping
649,qdata-server,dpp,8080,PUT,/dpp/etlScheduler,DppEtlSchedulerController,edit,修改数据集成调度信息,qdata-module-dpp/qdata-module-dpp-biz/src/main/java/tech/qiantong/qdata/module/dpp/controller/admin/etl/DppEtlSchedulerController.java,117,118,@PutMapping
650,qdata-server,dpp,8080,POST,/dpp/etlScheduler/export,DppEtlSchedulerController,export,导出数据集成调度信息列表,qdata-module-dpp/qdata-module-dpp-biz/src/main/java/tech/qiantong/qdata/module/dpp/controller/admin/etl/DppEtlSchedulerController.java,75,76,@PostMapping
651,qdata-server,dpp,8080,POST,/dpp/etlScheduler/importData,DppEtlSchedulerController,importData,导入数据集成调度信息列表,qdata-module-dpp/qdata-module-dpp-biz/src/main/java/tech/qiantong/qdata/module/dpp/controller/admin/etl/DppEtlSchedulerController.java,86,87,@PostMapping
652,qdata-server,dpp,8080,GET,/dpp/etlScheduler/list,DppEtlSchedulerController,list,查询数据集成调度信息列表,qdata-module-dpp/qdata-module-dpp-biz/src/main/java/tech/qiantong/qdata/module/dpp/controller/admin/etl/DppEtlSchedulerController.java,66,67,@GetMapping
653,qdata-server,dpp,8080,DELETE,/dpp/etlScheduler/{ids},DppEtlSchedulerController,remove,删除数据集成调度信息,qdata-module-dpp/qdata-module-dpp-biz/src/main/java/tech/qiantong/qdata/module/dpp/controller/admin/etl/DppEtlSchedulerController.java,128,129,@DeleteMapping
654,qdata-server,dpp,8080,GET,/dpp/etlScheduler/{id},DppEtlSchedulerController,getInfo,获取数据集成调度信息详细信息,qdata-module-dpp/qdata-module-dpp-biz/src/main/java/tech/qiantong/qdata/module/dpp/controller/admin/etl/DppEtlSchedulerController.java,97,98,@GetMapping
655,qdata-server,dpp,8080,POST,/dpp/etlSqlTemp,DppEtlSqlTempController,add,新增数据集成SQL模版,qdata-module-dpp/qdata-module-dpp-biz/src/main/java/tech/qiantong/qdata/module/dpp/controller/admin/etl/DppEtlSqlTempController.java,74,75,@PostMapping
656,qdata-server,dpp,8080,PUT,/dpp/etlSqlTemp,DppEtlSqlTempController,edit,修改数据集成SQL模版,qdata-module-dpp/qdata-module-dpp-biz/src/main/java/tech/qiantong/qdata/module/dpp/controller/admin/etl/DppEtlSqlTempController.java,84,85,@PutMapping
657,qdata-server,dpp,8080,GET,/dpp/etlSqlTemp/list,DppEtlSqlTempController,list,查询数据集成SQL模版列表,qdata-module-dpp/qdata-module-dpp-biz/src/main/java/tech/qiantong/qdata/module/dpp/controller/admin/etl/DppEtlSqlTempController.java,65,66,@GetMapping
658,qdata-server,dpp,8080,DELETE,/dpp/etlSqlTemp/{ids},DppEtlSqlTempController,remove,删除数据集成SQL模版,qdata-module-dpp/qdata-module-dpp-biz/src/main/java/tech/qiantong/qdata/module/dpp/controller/admin/etl/DppEtlSqlTempController.java,94,95,@DeleteMapping
659,qdata-server,dpp,8080,POST,/dpp/etlTask/copyCreateEtl,DppEtlTaskController,copyCreateEtl,复制数据汇聚任务,qdata-module-dpp/qdata-module-dpp-biz/src/main/java/tech/qiantong/qdata/module/dpp/controller/admin/etl/DppEtlTaskController.java,235,237,@PostMapping
660,qdata-server,dpp,8080,POST,/dpp/etlTask/createEtlTask,DppEtlTaskController,createEtlTask,新增数据汇聚任务,qdata-module-dpp/qdata-module-dpp-biz/src/main/java/tech/qiantong/qdata/module/dpp/controller/admin/etl/DppEtlTaskController.java,195,197,@PostMapping
661,qdata-server,dpp,8080,POST,/dpp/etlTask/createEtlTaskFront,DppEtlTaskController,createEtlTaskFront,新增数据汇聚任务,qdata-module-dpp/qdata-module-dpp-biz/src/main/java/tech/qiantong/qdata/module/dpp/controller/admin/etl/DppEtlTaskController.java,213,215,@PostMapping
662,qdata-server,dpp,8080,POST,/dpp/etlTask/createEtlTaskFrontPostposition,DppEtlTaskController,createEtlTaskFrontPostposition,新增数据汇聚任务,qdata-module-dpp/qdata-module-dpp-biz/src/main/java/tech/qiantong/qdata/module/dpp/controller/admin/etl/DppEtlTaskController.java,224,226,@PostMapping
663,qdata-server,dpp,8080,POST,/dpp/etlTask/createProcessDefinitionEx,DppEtlTaskController,createProcessDefinition,新增节点,qdata-module-dpp/qdata-module-dpp-biz/src/main/java/tech/qiantong/qdata/module/dpp/controller/admin/etl/DppEtlTaskController.java,97,99,@PostMapping
664,qdata-server,dpp,8080,GET,/dpp/etlTask/getDppEtlTaskListTree,DppEtlTaskController,getDppEtlTaskListTree,查询数据集成任务列表,qdata-module-dpp/qdata-module-dpp-biz/src/main/java/tech/qiantong/qdata/module/dpp/controller/admin/etl/DppEtlTaskController.java,173,174,@GetMapping
665,qdata-server,dpp,8080,GET,/dpp/etlTask/getDppEtlTaskPage,DppEtlTaskController,getDppEtlTaskPageList,查询数据集成任务列表,qdata-module-dpp/qdata-module-dpp-biz/src/main/java/tech/qiantong/qdata/module/dpp/controller/admin/etl/DppEtlTaskController.java,73,74,@GetMapping
666,qdata-server,dpp,8080,GET,/dpp/etlTask/getNodeUniqueKey,DppEtlTaskController,getNodeUniqueKey,新增数据集成节点-获取唯一健,qdata-module-dpp/qdata-module-dpp-biz/src/main/java/tech/qiantong/qdata/module/dpp/controller/admin/etl/DppEtlTaskController.java,142,143,@GetMapping
667,qdata-server,dpp,8080,GET,/dpp/etlTask/getSubTaskStatusList,DppEtlTaskController,getSubTaskStatusList,查询数据集成任务列表,qdata-module-dpp/qdata-module-dpp-biz/src/main/java/tech/qiantong/qdata/module/dpp/controller/admin/etl/DppEtlTaskController.java,181,182,@GetMapping
668,qdata-server,dpp,8080,GET,/dpp/etlTask/list,DppEtlTaskController,list,查询数据集成任务列表,qdata-module-dpp/qdata-module-dpp-biz/src/main/java/tech/qiantong/qdata/module/dpp/controller/admin/etl/DppEtlTaskController.java,62,63,@GetMapping
669,qdata-server,dpp,8080,POST,/dpp/etlTask/releaseTaskCrontab,DppEtlTaskController,releaseTaskCrontab,修改调度cron表达式,qdata-module-dpp/qdata-module-dpp-biz/src/main/java/tech/qiantong/qdata/module/dpp/controller/admin/etl/DppEtlTaskController.java,133,135,@PostMapping
670,qdata-server,dpp,8080,PUT,/dpp/etlTask/startDppEtlTask/{id},DppEtlTaskController,startDppEtlTask,查询数据集成任务列表,qdata-module-dpp/qdata-module-dpp-biz/src/main/java/tech/qiantong/qdata/module/dpp/controller/admin/etl/DppEtlTaskController.java,188,189,@PutMapping
671,qdata-server,dpp,8080,POST,/dpp/etlTask/updateEtlTask,DppEtlTaskController,updateEtlTask,修改数据汇聚任务,qdata-module-dpp/qdata-module-dpp-biz/src/main/java/tech/qiantong/qdata/module/dpp/controller/admin/etl/DppEtlTaskController.java,204,206,@PostMapping
672,qdata-server,dpp,8080,POST,/dpp/etlTask/updateProcessDefinition,DppEtlTaskController,updateProcessDefinition,修改节点,qdata-module-dpp/qdata-module-dpp-biz/src/main/java/tech/qiantong/qdata/module/dpp/controller/admin/etl/DppEtlTaskController.java,164,166,@PostMapping
673,qdata-server,dpp,8080,GET,/dpp/etlTask/updateQuery/{id},DppEtlTaskController,getuUpdateQueryInfo,获取数据集成任务详细信息,qdata-module-dpp/qdata-module-dpp-biz/src/main/java/tech/qiantong/qdata/module/dpp/controller/admin/etl/DppEtlTaskController.java,157,158,@GetMapping
674,qdata-server,dpp,8080,GET,/dpp/etlTask/updateQueryFront/{id},DppEtlTaskController,getupdateQueryFront,获取数据集成任务详细信息--前置草稿任务,qdata-module-dpp/qdata-module-dpp-biz/src/main/java/tech/qiantong/qdata/module/dpp/controller/admin/etl/DppEtlTaskController.java,247,248,@GetMapping
675,qdata-server,dpp,8080,POST,/dpp/etlTask/updateReleaseJobTask,DppEtlTaskController,updateReleaseJobTask,上下线-任务,qdata-module-dpp/qdata-module-dpp-biz/src/main/java/tech/qiantong/qdata/module/dpp/controller/admin/etl/DppEtlTaskController.java,117,119,@PostMapping
676,qdata-server,dpp,8080,POST,/dpp/etlTask/updateReleaseSchedule,DppEtlTaskController,updateReleaseSchedule,上下线-调度,qdata-module-dpp/qdata-module-dpp-biz/src/main/java/tech/qiantong/qdata/module/dpp/controller/admin/etl/DppEtlTaskController.java,125,127,@PostMapping
677,qdata-server,dpp,8080,POST,/dpp/etlTask/updateReleaseTask,DppEtlTaskController,releaseTask,上下线,qdata-module-dpp/qdata-module-dpp-biz/src/main/java/tech/qiantong/qdata/module/dpp/controller/admin/etl/DppEtlTaskController.java,108,110,@PostMapping
678,qdata-server,dpp,8080,DELETE,/dpp/etlTask/{ids},DppEtlTaskController,remove,删除数据集成任务,qdata-module-dpp/qdata-module-dpp-biz/src/main/java/tech/qiantong/qdata/module/dpp/controller/admin/etl/DppEtlTaskController.java,85,86,@DeleteMapping
679,qdata-server,dpp,8080,GET,/dpp/etlTask/{id},DppEtlTaskController,getInfo,获取数据集成任务详细信息,qdata-module-dpp/qdata-module-dpp-biz/src/main/java/tech/qiantong/qdata/module/dpp/controller/admin/etl/DppEtlTaskController.java,149,150,@GetMapping
680,qdata-server,dpp,8080,POST,/dpp/etlTaskInstance,DppEtlTaskInstanceController,add,新增数据集成任务实例,qdata-module-dpp/qdata-module-dpp-biz/src/main/java/tech/qiantong/qdata/module/dpp/controller/admin/etl/DppEtlTaskInstanceController.java,113,114,@PostMapping
681,qdata-server,dpp,8080,PUT,/dpp/etlTaskInstance,DppEtlTaskInstanceController,edit,修改数据集成任务实例,qdata-module-dpp/qdata-module-dpp-biz/src/main/java/tech/qiantong/qdata/module/dpp/controller/admin/etl/DppEtlTaskInstanceController.java,124,125,@PutMapping
682,qdata-server,dpp,8080,POST,/dpp/etlTaskInstance/downloadLog,DppEtlTaskInstanceController,downloadLog,通过实例id获取日志,qdata-module-dpp/qdata-module-dpp-biz/src/main/java/tech/qiantong/qdata/module/dpp/controller/admin/etl/DppEtlTaskInstanceController.java,164,166,@RequestMapping
683,qdata-server,dpp,8080,POST,/dpp/etlTaskInstance/export,DppEtlTaskInstanceController,export,导出数据集成任务实例列表,qdata-module-dpp/qdata-module-dpp-biz/src/main/java/tech/qiantong/qdata/module/dpp/controller/admin/etl/DppEtlTaskInstanceController.java,82,83,@PostMapping
684,qdata-server,dpp,8080,GET,/dpp/etlTaskInstance/getLogByTaskInstanceId,DppEtlTaskInstanceController,getLogByTaskInstanceId,通过实例id获取日志,qdata-module-dpp/qdata-module-dpp-biz/src/main/java/tech/qiantong/qdata/module/dpp/controller/admin/etl/DppEtlTaskInstanceController.java,159,160,@GetMapping
685,qdata-server,dpp,8080,GET,/dpp/etlTaskInstance/getRunTaskInstance,DppEtlTaskInstanceController,getRunTaskInstance,获取正在运行的实例,qdata-module-dpp/qdata-module-dpp-biz/src/main/java/tech/qiantong/qdata/module/dpp/controller/admin/etl/DppEtlTaskInstanceController.java,153,154,@GetMapping
686,qdata-server,dpp,8080,GET,/dpp/etlTaskInstance/getTaskInfo/{id},DppEtlTaskInstanceController,getTaskInfo,根据任务实例id获取数据集成任务详细信息,qdata-module-dpp/qdata-module-dpp-biz/src/main/java/tech/qiantong/qdata/module/dpp/controller/admin/etl/DppEtlTaskInstanceController.java,199,200,@GetMapping
687,qdata-server,dpp,8080,POST,/dpp/etlTaskInstance/importData,DppEtlTaskInstanceController,importData,导入数据集成任务实例列表,qdata-module-dpp/qdata-module-dpp-biz/src/main/java/tech/qiantong/qdata/module/dpp/controller/admin/etl/DppEtlTaskInstanceController.java,93,94,@PostMapping
688,qdata-server,dpp,8080,GET,/dpp/etlTaskInstance/list,DppEtlTaskInstanceController,list,查询数据集成任务实例列表,qdata-module-dpp/qdata-module-dpp-biz/src/main/java/tech/qiantong/qdata/module/dpp/controller/admin/etl/DppEtlTaskInstanceController.java,70,71,@GetMapping
689,qdata-server,dpp,8080,GET,/dpp/etlTaskInstance/subNodeList,DppEtlTaskInstanceController,subNodelist,获取子任务列表,qdata-module-dpp/qdata-module-dpp-biz/src/main/java/tech/qiantong/qdata/module/dpp/controller/admin/etl/DppEtlTaskInstanceController.java,147,148,@GetMapping
690,qdata-server,dpp,8080,GET,/dpp/etlTaskInstance/treeList,DppEtlTaskInstanceController,treeList,获取数据集成任务实例列表,qdata-module-dpp/qdata-module-dpp-biz/src/main/java/tech/qiantong/qdata/module/dpp/controller/admin/etl/DppEtlTaskInstanceController.java,141,142,@GetMapping
691,qdata-server,dpp,8080,DELETE,/dpp/etlTaskInstance/{ids},DppEtlTaskInstanceController,remove,删除数据集成任务实例,qdata-module-dpp/qdata-module-dpp-biz/src/main/java/tech/qiantong/qdata/module/dpp/controller/admin/etl/DppEtlTaskInstanceController.java,135,136,@DeleteMapping
692,qdata-server,dpp,8080,GET,/dpp/etlTaskInstance/{id},DppEtlTaskInstanceController,getInfo,获取数据集成任务实例详细信息,qdata-module-dpp/qdata-module-dpp-biz/src/main/java/tech/qiantong/qdata/module/dpp/controller/admin/etl/DppEtlTaskInstanceController.java,104,105,@GetMapping
693,qdata-server,dpp,8080,POST,/dpp/etlTaskLog,DppEtlTaskLogController,add,新增数据集成任务-日志,qdata-module-dpp/qdata-module-dpp-biz/src/main/java/tech/qiantong/qdata/module/dpp/controller/admin/etl/DppEtlTaskLogController.java,106,107,@PostMapping
694,qdata-server,dpp,8080,PUT,/dpp/etlTaskLog,DppEtlTaskLogController,edit,修改数据集成任务-日志,qdata-module-dpp/qdata-module-dpp-biz/src/main/java/tech/qiantong/qdata/module/dpp/controller/admin/etl/DppEtlTaskLogController.java,117,118,@PutMapping
695,qdata-server,dpp,8080,POST,/dpp/etlTaskLog/export,DppEtlTaskLogController,export,导出数据集成任务-日志列表,qdata-module-dpp/qdata-module-dpp-biz/src/main/java/tech/qiantong/qdata/module/dpp/controller/admin/etl/DppEtlTaskLogController.java,75,76,@PostMapping
696,qdata-server,dpp,8080,POST,/dpp/etlTaskLog/importData,DppEtlTaskLogController,importData,导入数据集成任务-日志列表,qdata-module-dpp/qdata-module-dpp-biz/src/main/java/tech/qiantong/qdata/module/dpp/controller/admin/etl/DppEtlTaskLogController.java,86,87,@PostMapping
697,qdata-server,dpp,8080,GET,/dpp/etlTaskLog/list,DppEtlTaskLogController,list,查询数据集成任务-日志列表,qdata-module-dpp/qdata-module-dpp-biz/src/main/java/tech/qiantong/qdata/module/dpp/controller/admin/etl/DppEtlTaskLogController.java,66,67,@GetMapping
698,qdata-server,dpp,8080,DELETE,/dpp/etlTaskLog/{ids},DppEtlTaskLogController,remove,删除数据集成任务-日志,qdata-module-dpp/qdata-module-dpp-biz/src/main/java/tech/qiantong/qdata/module/dpp/controller/admin/etl/DppEtlTaskLogController.java,128,129,@DeleteMapping
699,qdata-server,dpp,8080,GET,/dpp/etlTaskLog/{id},DppEtlTaskLogController,getInfo,获取数据集成任务-日志详细信息,qdata-module-dpp/qdata-module-dpp-biz/src/main/java/tech/qiantong/qdata/module/dpp/controller/admin/etl/DppEtlTaskLogController.java,97,98,@GetMapping
700,qdata-server,dpp,8080,POST,/dpp/etlTaskNodeRel,DppEtlTaskNodeRelController,add,新增数据集成任务节点关系,qdata-module-dpp/qdata-module-dpp-biz/src/main/java/tech/qiantong/qdata/module/dpp/controller/admin/etl/DppEtlTaskNodeRelController.java,106,107,@PostMapping
701,qdata-server,dpp,8080,PUT,/dpp/etlTaskNodeRel,DppEtlTaskNodeRelController,edit,修改数据集成任务节点关系,qdata-module-dpp/qdata-module-dpp-biz/src/main/java/tech/qiantong/qdata/module/dpp/controller/admin/etl/DppEtlTaskNodeRelController.java,117,118,@PutMapping
702,qdata-server,dpp,8080,POST,/dpp/etlTaskNodeRel/export,DppEtlTaskNodeRelController,export,导出数据集成任务节点关系列表,qdata-module-dpp/qdata-module-dpp-biz/src/main/java/tech/qiantong/qdata/module/dpp/controller/admin/etl/DppEtlTaskNodeRelController.java,75,76,@PostMapping
703,qdata-server,dpp,8080,POST,/dpp/etlTaskNodeRel/importData,DppEtlTaskNodeRelController,importData,导入数据集成任务节点关系列表,qdata-module-dpp/qdata-module-dpp-biz/src/main/java/tech/qiantong/qdata/module/dpp/controller/admin/etl/DppEtlTaskNodeRelController.java,86,87,@PostMapping
704,qdata-server,dpp,8080,GET,/dpp/etlTaskNodeRel/list,DppEtlTaskNodeRelController,list,查询数据集成任务节点关系列表,qdata-module-dpp/qdata-module-dpp-biz/src/main/java/tech/qiantong/qdata/module/dpp/controller/admin/etl/DppEtlTaskNodeRelController.java,66,67,@GetMapping
705,qdata-server,dpp,8080,DELETE,/dpp/etlTaskNodeRel/{ids},DppEtlTaskNodeRelController,remove,删除数据集成任务节点关系,qdata-module-dpp/qdata-module-dpp-biz/src/main/java/tech/qiantong/qdata/module/dpp/controller/admin/etl/DppEtlTaskNodeRelController.java,128,129,@DeleteMapping
706,qdata-server,dpp,8080,GET,/dpp/etlTaskNodeRel/{id},DppEtlTaskNodeRelController,getInfo,获取数据集成任务节点关系详细信息,qdata-module-dpp/qdata-module-dpp-biz/src/main/java/tech/qiantong/qdata/module/dpp/controller/admin/etl/DppEtlTaskNodeRelController.java,97,98,@GetMapping
707,qdata-server,dpp,8080,POST,/dpp/etlTaskNodeRelLog,DppEtlTaskNodeRelLogController,add,新增数据集成任务节点关系-日志,qdata-module-dpp/qdata-module-dpp-biz/src/main/java/tech/qiantong/qdata/module/dpp/controller/admin/etl/DppEtlTaskNodeRelLogController.java,106,107,@PostMapping
708,qdata-server,dpp,8080,PUT,/dpp/etlTaskNodeRelLog,DppEtlTaskNodeRelLogController,edit,修改数据集成任务节点关系-日志,qdata-module-dpp/qdata-module-dpp-biz/src/main/java/tech/qiantong/qdata/module/dpp/controller/admin/etl/DppEtlTaskNodeRelLogController.java,117,118,@PutMapping
709,qdata-server,dpp,8080,POST,/dpp/etlTaskNodeRelLog/export,DppEtlTaskNodeRelLogController,export,导出数据集成任务节点关系-日志列表,qdata-module-dpp/qdata-module-dpp-biz/src/main/java/tech/qiantong/qdata/module/dpp/controller/admin/etl/DppEtlTaskNodeRelLogController.java,75,76,@PostMapping
710,qdata-server,dpp,8080,POST,/dpp/etlTaskNodeRelLog/importData,DppEtlTaskNodeRelLogController,importData,导入数据集成任务节点关系-日志列表,qdata-module-dpp/qdata-module-dpp-biz/src/main/java/tech/qiantong/qdata/module/dpp/controller/admin/etl/DppEtlTaskNodeRelLogController.java,86,87,@PostMapping
711,qdata-server,dpp,8080,GET,/dpp/etlTaskNodeRelLog/list,DppEtlTaskNodeRelLogController,list,查询数据集成任务节点关系-日志列表,qdata-module-dpp/qdata-module-dpp-biz/src/main/java/tech/qiantong/qdata/module/dpp/controller/admin/etl/DppEtlTaskNodeRelLogController.java,66,67,@GetMapping
712,qdata-server,dpp,8080,DELETE,/dpp/etlTaskNodeRelLog/{ids},DppEtlTaskNodeRelLogController,remove,删除数据集成任务节点关系-日志,qdata-module-dpp/qdata-module-dpp-biz/src/main/java/tech/qiantong/qdata/module/dpp/controller/admin/etl/DppEtlTaskNodeRelLogController.java,128,129,@DeleteMapping
713,qdata-server,dpp,8080,GET,/dpp/etlTaskNodeRelLog/{id},DppEtlTaskNodeRelLogController,getInfo,获取数据集成任务节点关系-日志详细信息,qdata-module-dpp/qdata-module-dpp-biz/src/main/java/tech/qiantong/qdata/module/dpp/controller/admin/etl/DppEtlTaskNodeRelLogController.java,97,98,@GetMapping
714,qdata-server,dpp,8080,POST,/dpp/evaluateLog,DppEvaluateLogController,add,新增评测规则结果,qdata-module-dpp/qdata-module-dpp-biz/src/main/java/tech/qiantong/qdata/module/dpp/controller/admin/etl/DppEvaluateLogController.java,109,110,@PostMapping
715,qdata-server,dpp,8080,PUT,/dpp/evaluateLog,DppEvaluateLogController,edit,修改评测规则结果,qdata-module-dpp/qdata-module-dpp-biz/src/main/java/tech/qiantong/qdata/module/dpp/controller/admin/etl/DppEvaluateLogController.java,120,121,@PutMapping
716,qdata-server,dpp,8080,POST,/dpp/evaluateLog/export,DppEvaluateLogController,export,导出评测规则结果列表,qdata-module-dpp/qdata-module-dpp-biz/src/main/java/tech/qiantong/qdata/module/dpp/controller/admin/etl/DppEvaluateLogController.java,78,79,@PostMapping
717,qdata-server,dpp,8080,POST,/dpp/evaluateLog/importData,DppEvaluateLogController,importData,导入评测规则结果列表,qdata-module-dpp/qdata-module-dpp-biz/src/main/java/tech/qiantong/qdata/module/dpp/controller/admin/etl/DppEvaluateLogController.java,89,90,@PostMapping
718,qdata-server,dpp,8080,GET,/dpp/evaluateLog/list,DppEvaluateLogController,list,查询评测规则结果列表,qdata-module-dpp/qdata-module-dpp-biz/src/main/java/tech/qiantong/qdata/module/dpp/controller/admin/etl/DppEvaluateLogController.java,69,70,@GetMapping
719,qdata-server,dpp,8080,GET,/dpp/evaluateLog/pageErrorData,DppEvaluateLogController,pageErrorData,统计评测规则结果,qdata-module-dpp/qdata-module-dpp-biz/src/main/java/tech/qiantong/qdata/module/dpp/controller/admin/etl/DppEvaluateLogController.java,156,157,@GetMapping
720,qdata-server,dpp,8080,GET,/dpp/evaluateLog/statisticsEvaluateOne/{id},DppEvaluateLogController,statisticsEvaluateOne,统计评测规则结果,qdata-module-dpp/qdata-module-dpp-biz/src/main/java/tech/qiantong/qdata/module/dpp/controller/admin/etl/DppEvaluateLogController.java,137,138,@GetMapping
721,qdata-server,dpp,8080,GET,/dpp/evaluateLog/statisticsEvaluateTable/{id},DppEvaluateLogController,statisticsEvaluateTable,统计评测规则结果,qdata-module-dpp/qdata-module-dpp-biz/src/main/java/tech/qiantong/qdata/module/dpp/controller/admin/etl/DppEvaluateLogController.java,150,151,@GetMapping
722,qdata-server,dpp,8080,GET,/dpp/evaluateLog/statisticsEvaluateTow,DppEvaluateLogController,statisticsEvaluateTow,统计评测规则结果,qdata-module-dpp/qdata-module-dpp-biz/src/main/java/tech/qiantong/qdata/module/dpp/controller/admin/etl/DppEvaluateLogController.java,144,145,@GetMapping
723,qdata-server,dpp,8080,POST,/dpp/evaluateLog/updateErrorData,DppEvaluateLogController,updateErrorData,修改错误数据,qdata-module-dpp/qdata-module-dpp-biz/src/main/java/tech/qiantong/qdata/module/dpp/controller/admin/etl/DppEvaluateLogController.java,161,162,@PostMapping
724,qdata-server,dpp,8080,DELETE,/dpp/evaluateLog/{ids},DppEvaluateLogController,remove,删除评测规则结果,qdata-module-dpp/qdata-module-dpp-biz/src/main/java/tech/qiantong/qdata/module/dpp/controller/admin/etl/DppEvaluateLogController.java,131,132,@DeleteMapping
725,qdata-server,dpp,8080,GET,/dpp/evaluateLog/{id},DppEvaluateLogController,getInfo,获取评测规则结果详细信息,qdata-module-dpp/qdata-module-dpp-biz/src/main/java/tech/qiantong/qdata/module/dpp/controller/admin/etl/DppEvaluateLogController.java,100,101,@GetMapping
726,qdata-server,dpp,8080,POST,/dpp/qualityLog,DppQualityLogController,add,新增数据质量日志,qdata-module-dpp/qdata-module-dpp-biz/src/main/java/tech/qiantong/qdata/module/dpp/controller/admin/etl/DppQualityLogController.java,106,107,@PostMapping
727,qdata-server,dpp,8080,PUT,/dpp/qualityLog,DppQualityLogController,edit,修改数据质量日志,qdata-module-dpp/qdata-module-dpp-biz/src/main/java/tech/qiantong/qdata/module/dpp/controller/admin/etl/DppQualityLogController.java,116,117,@PutMapping
728,qdata-server,dpp,8080,POST,/dpp/qualityLog/export,DppQualityLogController,export,导出数据质量日志列表,qdata-module-dpp/qdata-module-dpp-biz/src/main/java/tech/qiantong/qdata/module/dpp/controller/admin/etl/DppQualityLogController.java,78,79,@PostMapping
729,qdata-server,dpp,8080,POST,/dpp/qualityLog/importData,DppQualityLogController,importData,导入数据质量日志列表,qdata-module-dpp/qdata-module-dpp-biz/src/main/java/tech/qiantong/qdata/module/dpp/controller/admin/etl/DppQualityLogController.java,88,89,@PostMapping
730,qdata-server,dpp,8080,GET,/dpp/qualityLog/list,DppQualityLogController,list,查询数据质量日志列表,qdata-module-dpp/qdata-module-dpp-biz/src/main/java/tech/qiantong/qdata/module/dpp/controller/admin/etl/DppQualityLogController.java,70,71,@GetMapping
731,qdata-server,dpp,8080,GET,/dpp/qualityLog/logDetailCat,DppQualityLogController,logDetailCat,删除数据质量日志,qdata-module-dpp/qdata-module-dpp-biz/src/main/java/tech/qiantong/qdata/module/dpp/controller/admin/etl/DppQualityLogController.java,132,134,@RequestMapping
732,qdata-server,dpp,8080,DELETE,/dpp/qualityLog/{ids},DppQualityLogController,remove,删除数据质量日志,qdata-module-dpp/qdata-module-dpp-biz/src/main/java/tech/qiantong/qdata/module/dpp/controller/admin/etl/DppQualityLogController.java,126,127,@DeleteMapping
733,qdata-server,dpp,8080,GET,/dpp/qualityLog/{id},DppQualityLogController,getInfo,获取数据质量日志详细信息,qdata-module-dpp/qdata-module-dpp-biz/src/main/java/tech/qiantong/qdata/module/dpp/controller/admin/etl/DppQualityLogController.java,98,99,@GetMapping
734,qdata-server,dpp,8080,POST,/dpp/qualityTask,DppQualityTaskController,add,新增数据质量任务,qdata-module-dpp/qdata-module-dpp-biz/src/main/java/tech/qiantong/qdata/module/dpp/controller/admin/qa/DppQualityTaskController.java,109,110,@PostMapping
735,qdata-server,dpp,8080,PUT,/dpp/qualityTask,DppQualityTaskController,edit,修改数据质量任务,qdata-module-dpp/qdata-module-dpp-biz/src/main/java/tech/qiantong/qdata/module/dpp/controller/admin/qa/DppQualityTaskController.java,119,120,@PutMapping
736,qdata-server,dpp,8080,POST,/dpp/qualityTask/export,DppQualityTaskController,export,导出数据质量任务列表,qdata-module-dpp/qdata-module-dpp-biz/src/main/java/tech/qiantong/qdata/module/dpp/controller/admin/qa/DppQualityTaskController.java,74,75,@PostMapping
737,qdata-server,dpp,8080,GET,/dpp/qualityTask/getQualityTaskAsset,DppQualityTaskController,getQualityTaskAsset,获取数据质量任务详细信息,qdata-module-dpp/qdata-module-dpp-biz/src/main/java/tech/qiantong/qdata/module/dpp/controller/admin/qa/DppQualityTaskController.java,101,102,@GetMapping
738,qdata-server,dpp,8080,POST,/dpp/qualityTask/importData,DppQualityTaskController,importData,导入数据质量任务列表,qdata-module-dpp/qdata-module-dpp-biz/src/main/java/tech/qiantong/qdata/module/dpp/controller/admin/qa/DppQualityTaskController.java,84,85,@PostMapping
739,qdata-server,dpp,8080,GET,/dpp/qualityTask/list,DppQualityTaskController,list,查询数据质量任务列表,qdata-module-dpp/qdata-module-dpp-biz/src/main/java/tech/qiantong/qdata/module/dpp/controller/admin/qa/DppQualityTaskController.java,66,67,@GetMapping
740,qdata-server,dpp,8080,PUT,/dpp/qualityTask/startDppQualityTask/{id},DppQualityTaskController,startDaDiscoveryTask,修改数据质量任务,qdata-module-dpp/qdata-module-dpp-biz/src/main/java/tech/qiantong/qdata/module/dpp/controller/admin/qa/DppQualityTaskController.java,145,146,@PutMapping
741,qdata-server,dpp,8080,POST,/dpp/qualityTask/updateDaDiscoveryTaskCronExpression,DppQualityTaskController,updateDaDiscoveryTaskCronExpression,修改数据质量任务,qdata-module-dpp/qdata-module-dpp-biz/src/main/java/tech/qiantong/qdata/module/dpp/controller/admin/qa/DppQualityTaskController.java,153,154,@PostMapping
742,qdata-server,dpp,8080,POST,/dpp/qualityTask/updateDppQualityTaskStatus,DppQualityTaskController,updateDaDiscoveryTaskStatus,修改数据质量任务,qdata-module-dpp/qdata-module-dpp-biz/src/main/java/tech/qiantong/qdata/module/dpp/controller/admin/qa/DppQualityTaskController.java,136,137,@PostMapping
743,qdata-server,dpp,8080,DELETE,/dpp/qualityTask/{ids},DppQualityTaskController,remove,删除数据质量任务,qdata-module-dpp/qdata-module-dpp-biz/src/main/java/tech/qiantong/qdata/module/dpp/controller/admin/qa/DppQualityTaskController.java,129,130,@DeleteMapping
744,qdata-server,dpp,8080,GET,/dpp/qualityTask/{id},DppQualityTaskController,getInfo,获取数据质量任务详细信息,qdata-module-dpp/qdata-module-dpp-biz/src/main/java/tech/qiantong/qdata/module/dpp/controller/admin/qa/DppQualityTaskController.java,94,95,@GetMapping
745,qdata-server,dpp,8080,POST,/dpp/qualityTaskEvaluate,DppQualityTaskEvaluateController,add,新增数据质量任务-评测规则,qdata-module-dpp/qdata-module-dpp-biz/src/main/java/tech/qiantong/qdata/module/dpp/controller/admin/qa/DppQualityTaskEvaluateController.java,110,111,@PostMapping
746,qdata-server,dpp,8080,PUT,/dpp/qualityTaskEvaluate,DppQualityTaskEvaluateController,edit,修改数据质量任务-评测规则,qdata-module-dpp/qdata-module-dpp-biz/src/main/java/tech/qiantong/qdata/module/dpp/controller/admin/qa/DppQualityTaskEvaluateController.java,120,121,@PutMapping
747,qdata-server,dpp,8080,POST,/dpp/qualityTaskEvaluate/export,DppQualityTaskEvaluateController,export,导出数据质量任务-评测规则列表,qdata-module-dpp/qdata-module-dpp-biz/src/main/java/tech/qiantong/qdata/module/dpp/controller/admin/qa/DppQualityTaskEvaluateController.java,82,83,@PostMapping
748,qdata-server,dpp,8080,POST,/dpp/qualityTaskEvaluate/importData,DppQualityTaskEvaluateController,importData,导入数据质量任务-评测规则列表,qdata-module-dpp/qdata-module-dpp-biz/src/main/java/tech/qiantong/qdata/module/dpp/controller/admin/qa/DppQualityTaskEvaluateController.java,92,93,@PostMapping
749,qdata-server,dpp,8080,GET,/dpp/qualityTaskEvaluate/list,DppQualityTaskEvaluateController,list,查询数据质量任务-评测规则列表,qdata-module-dpp/qdata-module-dpp-biz/src/main/java/tech/qiantong/qdata/module/dpp/controller/admin/qa/DppQualityTaskEvaluateController.java,74,75,@GetMapping
750,qdata-server,dpp,8080,POST,/dpp/qualityTaskEvaluate/validationErrorDataSql,DppQualityTaskEvaluateController,validationErrorDataSql,删除数据质量任务-错误抽查功能,qdata-module-dpp/qdata-module-dpp-biz/src/main/java/tech/qiantong/qdata/module/dpp/controller/admin/qa/DppQualityTaskEvaluateController.java,145,146,@PostMapping
751,qdata-server,dpp,8080,POST,/dpp/qualityTaskEvaluate/validationValidDataSql,DppQualityTaskEvaluateController,validationValidDataSql,删除数据质量任务-成功抽查功能,qdata-module-dpp/qdata-module-dpp-biz/src/main/java/tech/qiantong/qdata/module/dpp/controller/admin/qa/DppQualityTaskEvaluateController.java,151,152,@PostMapping
752,qdata-server,dpp,8080,GET,/dpp/qualityTaskEvaluate/verifyInterfaceValue,DppQualityTaskEvaluateController,verifyInterfaceValue,删除数据质量任务-检验功能,qdata-module-dpp/qdata-module-dpp-biz/src/main/java/tech/qiantong/qdata/module/dpp/controller/admin/qa/DppQualityTaskEvaluateController.java,137,138,@GetMapping
753,qdata-server,dpp,8080,DELETE,/dpp/qualityTaskEvaluate/{ids},DppQualityTaskEvaluateController,remove,删除数据质量任务-评测规则,qdata-module-dpp/qdata-module-dpp-biz/src/main/java/tech/qiantong/qdata/module/dpp/controller/admin/qa/DppQualityTaskEvaluateController.java,130,131,@DeleteMapping
754,qdata-server,dpp,8080,GET,/dpp/qualityTaskEvaluate/{id},DppQualityTaskEvaluateController,getInfo,获取数据质量任务-评测规则详细信息,qdata-module-dpp/qdata-module-dpp-biz/src/main/java/tech/qiantong/qdata/module/dpp/controller/admin/qa/DppQualityTaskEvaluateController.java,102,103,@GetMapping
755,qdata-server,dpp,8080,POST,/dpp/qualityTaskObj,DppQualityTaskObjController,add,新增数据质量任务-稽查对象,qdata-module-dpp/qdata-module-dpp-biz/src/main/java/tech/qiantong/qdata/module/dpp/controller/admin/qa/DppQualityTaskObjController.java,101,102,@PostMapping
756,qdata-server,dpp,8080,PUT,/dpp/qualityTaskObj,DppQualityTaskObjController,edit,修改数据质量任务-稽查对象,qdata-module-dpp/qdata-module-dpp-biz/src/main/java/tech/qiantong/qdata/module/dpp/controller/admin/qa/DppQualityTaskObjController.java,111,112,@PutMapping
757,qdata-server,dpp,8080,POST,/dpp/qualityTaskObj/export,DppQualityTaskObjController,export,导出数据质量任务-稽查对象列表,qdata-module-dpp/qdata-module-dpp-biz/src/main/java/tech/qiantong/qdata/module/dpp/controller/admin/qa/DppQualityTaskObjController.java,73,74,@PostMapping
758,qdata-server,dpp,8080,POST,/dpp/qualityTaskObj/importData,DppQualityTaskObjController,importData,导入数据质量任务-稽查对象列表,qdata-module-dpp/qdata-module-dpp-biz/src/main/java/tech/qiantong/qdata/module/dpp/controller/admin/qa/DppQualityTaskObjController.java,83,84,@PostMapping
759,qdata-server,dpp,8080,GET,/dpp/qualityTaskObj/list,DppQualityTaskObjController,list,查询数据质量任务-稽查对象列表,qdata-module-dpp/qdata-module-dpp-biz/src/main/java/tech/qiantong/qdata/module/dpp/controller/admin/qa/DppQualityTaskObjController.java,65,66,@GetMapping
760,qdata-server,dpp,8080,DELETE,/dpp/qualityTaskObj/{ids},DppQualityTaskObjController,remove,删除数据质量任务-稽查对象,qdata-module-dpp/qdata-module-dpp-biz/src/main/java/tech/qiantong/qdata/module/dpp/controller/admin/qa/DppQualityTaskObjController.java,121,122,@DeleteMapping
761,qdata-server,dpp,8080,GET,/dpp/qualityTaskObj/{id},DppQualityTaskObjController,getInfo,获取数据质量任务-稽查对象详细信息,qdata-module-dpp/qdata-module-dpp-biz/src/main/java/tech/qiantong/qdata/module/dpp/controller/admin/qa/DppQualityTaskObjController.java,93,94,@GetMapping
762,qdata-server,ds,8080,POST,/ds/api,DsApiController,saveDataApi,保存Api信息,qdata-module-ds/qdata-module-ds-biz/src/main/java/tech/qiantong/qdata/module/ds/controller/admin/api/DsApiController.java,221,222,@PostMapping
763,qdata-server,ds,8080,PUT,/ds/api,DsApiController,updateDataApi,修改Api信息,qdata-module-ds/qdata-module-ds-biz/src/main/java/tech/qiantong/qdata/module/ds/controller/admin/api/DsApiController.java,245,246,@PutMapping
764,qdata-server,ds,8080,GET,/ds/api/cancel/{id},DsApiController,cancelDataApi,修改Api信息,qdata-module-ds/qdata-module-ds-biz/src/main/java/tech/qiantong/qdata/module/ds/controller/admin/api/DsApiController.java,292,293,@GetMapping
765,qdata-server,ds,8080,GET,/ds/api/checkApi,DsApiController,check,检查DolphinScheduler是否可访问,qdata-module-ds/qdata-module-ds-biz/src/main/java/tech/qiantong/qdata/module/ds/controller/admin/api/DsApiController.java,112,113,@GetMapping
766,qdata-server,ds,8080,POST,/ds/api/export,DsApiController,export,导出API服务列表,qdata-module-ds/qdata-module-ds-biz/src/main/java/tech/qiantong/qdata/module/ds/controller/admin/api/DsApiController.java,91,92,@PostMapping
767,qdata-server,ds,8080,POST,/ds/api/importData,DsApiController,importData,导入API服务列表,qdata-module-ds/qdata-module-ds-biz/src/main/java/tech/qiantong/qdata/module/ds/controller/admin/api/DsApiController.java,102,103,@PostMapping
768,qdata-server,ds,8080,GET,/ds/api/list,DsApiController,list,查询API服务列表,qdata-module-ds/qdata-module-ds-biz/src/main/java/tech/qiantong/qdata/module/ds/controller/admin/api/DsApiController.java,82,83,@GetMapping
769,qdata-server,ds,8080,POST,/ds/api/queryServiceForwarding,DsApiController,queryServiceForwarding,接口调试,qdata-module-ds/qdata-module-ds-biz/src/main/java/tech/qiantong/qdata/module/ds/controller/admin/api/DsApiController.java,206,207,@PostMapping
770,qdata-server,ds,8080,GET,/ds/api/release/{id},DsApiController,releaseDataApi,修改Api信息,qdata-module-ds/qdata-module-ds-biz/src/main/java/tech/qiantong/qdata/module/ds/controller/admin/api/DsApiController.java,278,280,@GetMapping
771,qdata-server,ds,8080,POST,/ds/api/repeatFlag,DsApiController,repeatFlag,根据名称，版本号，路径进行判断是否重复,qdata-module-ds/qdata-module-ds-biz/src/main/java/tech/qiantong/qdata/module/ds/controller/admin/api/DsApiController.java,134,135,@PostMapping
772,qdata-server,ds,8080,GET,/ds/api/selectList,DsApiController,selectList,查询API下拉选服务列表,qdata-module-ds/qdata-module-ds-biz/src/main/java/tech/qiantong/qdata/module/ds/controller/admin/api/DsApiController.java,299,300,@GetMapping
773,qdata-server,ds,8080,POST,/ds/api/serviceTesting,DsApiController,serviceTesting,接口调试,qdata-module-ds/qdata-module-ds-biz/src/main/java/tech/qiantong/qdata/module/ds/controller/admin/api/DsApiController.java,186,187,@PostMapping
774,qdata-server,ds,8080,POST,/ds/api/sqlParse,DsApiController,sqlParse,SQL解析,qdata-module-ds/qdata-module-ds-biz/src/main/java/tech/qiantong/qdata/module/ds/controller/admin/api/DsApiController.java,173,174,@PostMapping
775,qdata-server,ds,8080,GET,/ds/api/{ID},DsApiController,getInfo,获取API服务详细信息,qdata-module-ds/qdata-module-ds-biz/src/main/java/tech/qiantong/qdata/module/ds/controller/admin/api/DsApiController.java,126,127,@GetMapping
776,qdata-server,ds,8080,DELETE,/ds/api/{id},DsApiController,remove,删除API服务,qdata-module-ds/qdata-module-ds-biz/src/main/java/tech/qiantong/qdata/module/ds/controller/admin/api/DsApiController.java,160,161,@DeleteMapping
777,qdata-server,ds,8080,POST,/ds/apiLog,DsApiLogController,add,新增API服务调用日志,qdata-module-ds/qdata-module-ds-biz/src/main/java/tech/qiantong/qdata/module/ds/controller/admin/apiLog/DsApiLogController.java,109,110,@PostMapping
778,qdata-server,ds,8080,PUT,/ds/apiLog,DsApiLogController,edit,修改API服务调用日志,qdata-module-ds/qdata-module-ds-biz/src/main/java/tech/qiantong/qdata/module/ds/controller/admin/apiLog/DsApiLogController.java,120,121,@PutMapping
779,qdata-server,ds,8080,POST,/ds/apiLog/export,DsApiLogController,export,导出API服务调用日志列表,qdata-module-ds/qdata-module-ds-biz/src/main/java/tech/qiantong/qdata/module/ds/controller/admin/apiLog/DsApiLogController.java,75,76,@PostMapping
780,qdata-server,ds,8080,POST,/ds/apiLog/importData,DsApiLogController,importData,导入API服务调用日志列表,qdata-module-ds/qdata-module-ds-biz/src/main/java/tech/qiantong/qdata/module/ds/controller/admin/apiLog/DsApiLogController.java,86,87,@PostMapping
781,qdata-server,ds,8080,GET,/ds/apiLog/list,DsApiLogController,list,查询API服务调用日志列表,qdata-module-ds/qdata-module-ds-biz/src/main/java/tech/qiantong/qdata/module/ds/controller/admin/apiLog/DsApiLogController.java,66,67,@GetMapping
782,qdata-server,ds,8080,GET,/ds/apiLog/{ID},DsApiLogController,getInfo,获取API服务调用日志详细信息,qdata-module-ds/qdata-module-ds-biz/src/main/java/tech/qiantong/qdata/module/ds/controller/admin/apiLog/DsApiLogController.java,97,98,@GetMapping
783,qdata-server,ds,8080,DELETE,/ds/apiLog/{id},DsApiLogController,remove,删除API服务调用日志,qdata-module-ds/qdata-module-ds-biz/src/main/java/tech/qiantong/qdata/module/ds/controller/admin/apiLog/DsApiLogController.java,131,132,@DeleteMapping
784,qdata-server,ds,8080,POST,/oauth2/client_token,DsAuthController,request,应用鉴权接口,qdata-module-ds/qdata-module-ds-biz/src/main/java/tech/qiantong/qdata/module/ds/controller/admin/auth/DsAuthController.java,49,50,@PostMapping
785,qdata-server,ds,8080,ANY,/services/**,CommonServicesController,services,,qdata-module-ds/qdata-module-ds-biz/src/main/java/tech/qiantong/qdata/module/ds/controller/admin/api/CommonServicesController.java,43,44,@RequestMapping
786,qdata-server,framework/qdata-file,8080,POST,/upload,FileUploadController,upload,,qdata-framework/qdata-file/src/main/java/tech/qiantong/qdata/file/controller/FileUploadController.java,73,74,@PostMapping
787,qdata-server,framework/qdata-file,8080,POST,/upload-image,FileUploadController,uploadImage,,qdata-framework/qdata-file/src/main/java/tech/qiantong/qdata/file/controller/FileUploadController.java,85,86,@PostMapping
788,qdata-server,framework/qdata-file,8080,POST,/upload-platform,FileUploadController,uploadPlatform,,qdata-framework/qdata-file/src/main/java/tech/qiantong/qdata/file/controller/FileUploadController.java,97,98,@PostMapping
789,qdata-server,framework/qdata-file,8080,POST,/upload-request,FileUploadController,uploadPlatform,,qdata-framework/qdata-file/src/main/java/tech/qiantong/qdata/file/controller/FileUploadController.java,109,110,@PostMapping
790,qdata-server,framework/qdata-generator,8080,PUT,/tool/gen,GenController,editSave,,qdata-framework/qdata-generator/src/main/java/tech/qiantong/qdata/generator/controller/GenController.java,184,185,@PutMapping
791,qdata-server,framework/qdata-generator,8080,GET,/tool/gen/batchGenCode,GenController,batchGenCode,,qdata-framework/qdata-generator/src/main/java/tech/qiantong/qdata/generator/controller/GenController.java,256,257,@GetMapping
792,qdata-server,framework/qdata-generator,8080,GET,/tool/gen/column/{tableId},GenController,columnList,,qdata-framework/qdata-generator/src/main/java/tech/qiantong/qdata/generator/controller/GenController.java,116,117,@GetMapping
793,qdata-server,framework/qdata-generator,8080,POST,/tool/gen/createTable,GenController,createTableSave,,qdata-framework/qdata-generator/src/main/java/tech/qiantong/qdata/generator/controller/GenController.java,146,147,@PostMapping
794,qdata-server,framework/qdata-generator,8080,GET,/tool/gen/db/list,GenController,dataList,,qdata-framework/qdata-generator/src/main/java/tech/qiantong/qdata/generator/controller/GenController.java,104,105,@GetMapping
795,qdata-server,framework/qdata-generator,8080,GET,/tool/gen/download/{tableName},GenController,download,,qdata-framework/qdata-generator/src/main/java/tech/qiantong/qdata/generator/controller/GenController.java,220,221,@GetMapping
796,qdata-server,framework/qdata-generator,8080,GET,/tool/gen/genCode/{tableName},GenController,genCode,,qdata-framework/qdata-generator/src/main/java/tech/qiantong/qdata/generator/controller/GenController.java,232,233,@GetMapping
797,qdata-server,framework/qdata-generator,8080,POST,/tool/gen/importTable,GenController,importTableSave,,qdata-framework/qdata-generator/src/main/java/tech/qiantong/qdata/generator/controller/GenController.java,131,132,@PostMapping
798,qdata-server,framework/qdata-generator,8080,GET,/tool/gen/list,GenController,genList,,qdata-framework/qdata-generator/src/main/java/tech/qiantong/qdata/generator/controller/GenController.java,70,71,@GetMapping
799,qdata-server,framework/qdata-generator,8080,GET,/tool/gen/preview/{tableId},GenController,preview,,qdata-framework/qdata-generator/src/main/java/tech/qiantong/qdata/generator/controller/GenController.java,208,209,@GetMapping
800,qdata-server,framework/qdata-generator,8080,GET,/tool/gen/synchDb/{tableName},GenController,synchDb,,qdata-framework/qdata-generator/src/main/java/tech/qiantong/qdata/generator/controller/GenController.java,244,245,@GetMapping
801,qdata-server,framework/qdata-generator,8080,DELETE,/tool/gen/{tableIds},GenController,remove,,qdata-framework/qdata-generator/src/main/java/tech/qiantong/qdata/generator/controller/GenController.java,197,198,@DeleteMapping
802,qdata-server,framework/qdata-generator,8080,GET,/tool/gen/{tableId},GenController,getInfo,,qdata-framework/qdata-generator/src/main/java/tech/qiantong/qdata/generator/controller/GenController.java,82,83,@GetMapping
803,qdata-server,framework/qdata-quartz,8080,POST,/monitor/job,SysJobController,add,,qdata-framework/qdata-quartz/src/main/java/tech/qiantong/qdata/quartz/controller/SysJobController.java,94,95,@PostMapping
804,qdata-server,framework/qdata-quartz,8080,PUT,/monitor/job,SysJobController,edit,,qdata-framework/qdata-quartz/src/main/java/tech/qiantong/qdata/quartz/controller/SysJobController.java,135,136,@PutMapping
805,qdata-server,framework/qdata-quartz,8080,PUT,/monitor/job/changeStatus,SysJobController,changeStatus,,qdata-framework/qdata-quartz/src/main/java/tech/qiantong/qdata/quartz/controller/SysJobController.java,176,177,@PutMapping
806,qdata-server,framework/qdata-quartz,8080,POST,/monitor/job/export,SysJobController,export,,qdata-framework/qdata-quartz/src/main/java/tech/qiantong/qdata/quartz/controller/SysJobController.java,71,72,@PostMapping
807,qdata-server,framework/qdata-quartz,8080,GET,/monitor/job/list,SysJobController,list,,qdata-framework/qdata-quartz/src/main/java/tech/qiantong/qdata/quartz/controller/SysJobController.java,58,59,@GetMapping
808,qdata-server,framework/qdata-quartz,8080,PUT,/monitor/job/run,SysJobController,run,,qdata-framework/qdata-quartz/src/main/java/tech/qiantong/qdata/quartz/controller/SysJobController.java,189,190,@PutMapping
809,qdata-server,framework/qdata-quartz,8080,DELETE,/monitor/job/{jobIds},SysJobController,remove,,qdata-framework/qdata-quartz/src/main/java/tech/qiantong/qdata/quartz/controller/SysJobController.java,202,203,@DeleteMapping
810,qdata-server,framework/qdata-quartz,8080,GET,/monitor/job/{jobId},SysJobController,getInfo,,qdata-framework/qdata-quartz/src/main/java/tech/qiantong/qdata/quartz/controller/SysJobController.java,83,84,@GetMapping
811,qdata-server,framework/qdata-quartz,8080,DELETE,/monitor/jobLog/clean,SysJobLogController,clean,,qdata-framework/qdata-quartz/src/main/java/tech/qiantong/qdata/quartz/controller/SysJobLogController.java,100,101,@DeleteMapping
812,qdata-server,framework/qdata-quartz,8080,POST,/monitor/jobLog/export,SysJobLogController,export,,qdata-framework/qdata-quartz/src/main/java/tech/qiantong/qdata/quartz/controller/SysJobLogController.java,65,66,@PostMapping
813,qdata-server,framework/qdata-quartz,8080,GET,/monitor/jobLog/list,SysJobLogController,list,,qdata-framework/qdata-quartz/src/main/java/tech/qiantong/qdata/quartz/controller/SysJobLogController.java,52,53,@GetMapping
814,qdata-server,framework/qdata-quartz,8080,DELETE,/monitor/jobLog/{jobLogIds},SysJobLogController,remove,,qdata-framework/qdata-quartz/src/main/java/tech/qiantong/qdata/quartz/controller/SysJobLogController.java,89,90,@DeleteMapping
815,qdata-server,framework/qdata-quartz,8080,GET,/monitor/jobLog/{jobLogId},SysJobLogController,getInfo,,qdata-framework/qdata-quartz/src/main/java/tech/qiantong/qdata/quartz/controller/SysJobLogController.java,77,78,@GetMapping
816,qdata-server,mc,8080,POST,/mc/column,McColumnController,add,新增元数据字段信息,qdata-module-mc/qdata-module-mc-biz/src/main/java/tech/qiantong/qdata/module/mc/controller/admin/metadata/McColumnController.java,83,84,@PostMapping
817,qdata-server,mc,8080,PUT,/mc/column,McColumnController,edit,修改元数据字段信息,qdata-module-mc/qdata-module-mc-biz/src/main/java/tech/qiantong/qdata/module/mc/controller/admin/metadata/McColumnController.java,104,105,@PutMapping
818,qdata-server,mc,8080,GET,/mc/column/batchDeleteCheck/{ids},McColumnController,batchDeleteCheck,批量删除检查字段元数据,qdata-module-mc/qdata-module-mc-biz/src/main/java/tech/qiantong/qdata/module/mc/controller/admin/metadata/McColumnController.java,129,130,@GetMapping
819,qdata-server,mc,8080,POST,/mc/column/draft,McColumnController,draft,暂存字段元数据信息,qdata-module-mc/qdata-module-mc-biz/src/main/java/tech/qiantong/qdata/module/mc/controller/admin/metadata/McColumnController.java,96,97,@PostMapping
820,qdata-server,mc,8080,POST,/mc/column/export,McColumnController,export,导出元数据字段信息列表,qdata-module-mc/qdata-module-mc-biz/src/main/java/tech/qiantong/qdata/module/mc/controller/admin/metadata/McColumnController.java,66,67,@PostMapping
821,qdata-server,mc,8080,GET,/mc/column/getMdColumnList,McColumnController,getMdColumnList,查询字段元数据列表,qdata-module-mc/qdata-module-mc-biz/src/main/java/tech/qiantong/qdata/module/mc/controller/admin/metadata/McColumnController.java,57,58,@GetMapping
822,qdata-server,mc,8080,GET,/mc/column/list,McColumnController,list,查询元数据字段信息列表,qdata-module-mc/qdata-module-mc-biz/src/main/java/tech/qiantong/qdata/module/mc/controller/admin/metadata/McColumnController.java,49,50,@GetMapping
823,qdata-server,mc,8080,POST,/mc/column/toggle,McColumnController,toggle,停启用字段元数据,qdata-module-mc/qdata-module-mc-biz/src/main/java/tech/qiantong/qdata/module/mc/controller/admin/metadata/McColumnController.java,115,116,@PostMapping
824,qdata-server,mc,8080,DELETE,/mc/column/{ids},McColumnController,remove,删除元数据字段信息,qdata-module-mc/qdata-module-mc-biz/src/main/java/tech/qiantong/qdata/module/mc/controller/admin/metadata/McColumnController.java,123,124,@DeleteMapping
825,qdata-server,mc,8080,GET,/mc/column/{id},McColumnController,getInfo,获取元数据字段信息详细信息,qdata-module-mc/qdata-module-mc-biz/src/main/java/tech/qiantong/qdata/module/mc/controller/admin/metadata/McColumnController.java,75,76,@GetMapping
826,qdata-server,mc,8080,POST,/mc/db,McDbController,add,新增数据库,qdata-module-mc/qdata-module-mc-biz/src/main/java/tech/qiantong/qdata/module/mc/controller/admin/metadata/McDbController.java,80,81,@PostMapping
827,qdata-server,mc,8080,PUT,/mc/db,McDbController,edit,修改数据库,qdata-module-mc/qdata-module-mc-biz/src/main/java/tech/qiantong/qdata/module/mc/controller/admin/metadata/McDbController.java,90,91,@PutMapping
828,qdata-server,mc,8080,GET,/mc/db/batchDeleteCheck/{ids},McDbController,batchDeleteCheck,批量删除检查库元数据,qdata-module-mc/qdata-module-mc-biz/src/main/java/tech/qiantong/qdata/module/mc/controller/admin/metadata/McDbController.java,125,126,@GetMapping
829,qdata-server,mc,8080,POST,/mc/db/editPortalVisible,McDbController,editPortalVisible,停启用库元数据,qdata-module-mc/qdata-module-mc-biz/src/main/java/tech/qiantong/qdata/module/mc/controller/admin/metadata/McDbController.java,108,109,@PostMapping
830,qdata-server,mc,8080,POST,/mc/db/export,McDbController,export,导出数据库列表,qdata-module-mc/qdata-module-mc-biz/src/main/java/tech/qiantong/qdata/module/mc/controller/admin/metadata/McDbController.java,63,64,@PostMapping
831,qdata-server,mc,8080,GET,/mc/db/getMcDbList,McDbController,getMcDbList,查询库元数据列表,qdata-module-mc/qdata-module-mc-biz/src/main/java/tech/qiantong/qdata/module/mc/controller/admin/metadata/McDbController.java,53,54,@GetMapping
832,qdata-server,mc,8080,GET,/mc/db/list,McDbController,list,查询数据库列表,qdata-module-mc/qdata-module-mc-biz/src/main/java/tech/qiantong/qdata/module/mc/controller/admin/metadata/McDbController.java,45,46,@GetMapping
833,qdata-server,mc,8080,GET,/mc/db/selectMetaSearchPage,McDbController,selectMetaSearchPage,查询库元数据列表,qdata-module-mc/qdata-module-mc-biz/src/main/java/tech/qiantong/qdata/module/mc/controller/admin/metadata/McDbController.java,133,134,@GetMapping
834,qdata-server,mc,8080,POST,/mc/db/toggle,McDbController,toggle,停启用库元数据,qdata-module-mc/qdata-module-mc-biz/src/main/java/tech/qiantong/qdata/module/mc/controller/admin/metadata/McDbController.java,100,101,@PostMapping
835,qdata-server,mc,8080,DELETE,/mc/db/{ids},McDbController,remove,删除数据库,qdata-module-mc/qdata-module-mc-biz/src/main/java/tech/qiantong/qdata/module/mc/controller/admin/metadata/McDbController.java,118,119,@DeleteMapping
836,qdata-server,mc,8080,GET,/mc/db/{id},McDbController,getInfo,获取数据库详细信息,qdata-module-mc/qdata-module-mc-biz/src/main/java/tech/qiantong/qdata/module/mc/controller/admin/metadata/McDbController.java,72,73,@GetMapping
837,qdata-server,mc,8080,POST,/mc/domain,McDomainController,add,新增业务域,qdata-module-mc/qdata-module-mc-biz/src/main/java/tech/qiantong/qdata/module/mc/controller/admin/domain/McDomainController.java,79,80,@PostMapping
838,qdata-server,mc,8080,PUT,/mc/domain,McDomainController,edit,修改业务域,qdata-module-mc/qdata-module-mc-biz/src/main/java/tech/qiantong/qdata/module/mc/controller/admin/domain/McDomainController.java,89,90,@PutMapping
839,qdata-server,mc,8080,GET,/mc/domain/batchDeleteCheck/{ids},McDomainController,batchDeleteCheck,批量删除检查业务域,qdata-module-mc/qdata-module-mc-biz/src/main/java/tech/qiantong/qdata/module/mc/controller/admin/domain/McDomainController.java,108,109,@GetMapping
840,qdata-server,mc,8080,POST,/mc/domain/export,McDomainController,export,导出业务域列表,qdata-module-mc/qdata-module-mc-biz/src/main/java/tech/qiantong/qdata/module/mc/controller/admin/domain/McDomainController.java,62,63,@PostMapping
841,qdata-server,mc,8080,GET,/mc/domain/list,McDomainController,list,查询业务域列表,qdata-module-mc/qdata-module-mc-biz/src/main/java/tech/qiantong/qdata/module/mc/controller/admin/domain/McDomainController.java,52,53,@GetMapping
842,qdata-server,mc,8080,GET,/mc/domain/listpage,McDomainController,listpage,查询业务域列表,qdata-module-mc/qdata-module-mc-biz/src/main/java/tech/qiantong/qdata/module/mc/controller/admin/domain/McDomainController.java,45,46,@GetMapping
843,qdata-server,mc,8080,DELETE,/mc/domain/{ids},McDomainController,remove,删除业务域,qdata-module-mc/qdata-module-mc-biz/src/main/java/tech/qiantong/qdata/module/mc/controller/admin/domain/McDomainController.java,99,100,@DeleteMapping
844,qdata-server,mc,8080,GET,/mc/domain/{id},McDomainController,getInfo,获取业务域详细信息,qdata-module-mc/qdata-module-mc-biz/src/main/java/tech/qiantong/qdata/module/mc/controller/admin/domain/McDomainController.java,71,72,@GetMapping
845,qdata-server,mc,8080,POST,/mc/mcColumnLog,McColumnLogController,add,新增元数据字段信息 - 日志,qdata-module-mc/qdata-module-mc-biz/src/main/java/tech/qiantong/qdata/module/mc/controller/admin/columnLog/McColumnLogController.java,69,70,@PostMapping
846,qdata-server,mc,8080,PUT,/mc/mcColumnLog,McColumnLogController,edit,修改元数据字段信息 - 日志,qdata-module-mc/qdata-module-mc-biz/src/main/java/tech/qiantong/qdata/module/mc/controller/admin/columnLog/McColumnLogController.java,79,80,@PutMapping
847,qdata-server,mc,8080,POST,/mc/mcColumnLog/export,McColumnLogController,export,导出元数据字段信息 - 日志列表,qdata-module-mc/qdata-module-mc-biz/src/main/java/tech/qiantong/qdata/module/mc/controller/admin/columnLog/McColumnLogController.java,52,53,@PostMapping
848,qdata-server,mc,8080,GET,/mc/mcColumnLog/list,McColumnLogController,list,查询元数据字段信息 - 日志列表,qdata-module-mc/qdata-module-mc-biz/src/main/java/tech/qiantong/qdata/module/mc/controller/admin/columnLog/McColumnLogController.java,44,45,@GetMapping
849,qdata-server,mc,8080,DELETE,/mc/mcColumnLog/{ids},McColumnLogController,remove,删除元数据字段信息 - 日志,qdata-module-mc/qdata-module-mc-biz/src/main/java/tech/qiantong/qdata/module/mc/controller/admin/columnLog/McColumnLogController.java,89,90,@DeleteMapping
850,qdata-server,mc,8080,GET,/mc/mcColumnLog/{id},McColumnLogController,getInfo,获取元数据字段信息 - 日志详细信息,qdata-module-mc/qdata-module-mc-biz/src/main/java/tech/qiantong/qdata/module/mc/controller/admin/columnLog/McColumnLogController.java,61,62,@GetMapping
851,qdata-server,mc,8080,POST,/mc/mcTableColumnRelLog,McTableColumnRelLogController,add,新增元数据数据库与信息及字段信息关系-日志,qdata-module-mc/qdata-module-mc-biz/src/main/java/tech/qiantong/qdata/module/mc/controller/admin/tableColumnRelLog/McTableColumnRelLogController.java,73,74,@PostMapping
852,qdata-server,mc,8080,PUT,/mc/mcTableColumnRelLog,McTableColumnRelLogController,edit,修改元数据数据库与信息及字段信息关系-日志,qdata-module-mc/qdata-module-mc-biz/src/main/java/tech/qiantong/qdata/module/mc/controller/admin/tableColumnRelLog/McTableColumnRelLogController.java,84,85,@PutMapping
853,qdata-server,mc,8080,POST,/mc/mcTableColumnRelLog/export,McTableColumnRelLogController,export,导出元数据数据库与信息及字段信息关系-日志列表,qdata-module-mc/qdata-module-mc-biz/src/main/java/tech/qiantong/qdata/module/mc/controller/admin/tableColumnRelLog/McTableColumnRelLogController.java,54,55,@PostMapping
854,qdata-server,mc,8080,GET,/mc/mcTableColumnRelLog/list,McTableColumnRelLogController,list,查询元数据数据库与信息及字段信息关系-日志列表,qdata-module-mc/qdata-module-mc-biz/src/main/java/tech/qiantong/qdata/module/mc/controller/admin/tableColumnRelLog/McTableColumnRelLogController.java,45,46,@GetMapping
855,qdata-server,mc,8080,DELETE,/mc/mcTableColumnRelLog/{ids},McTableColumnRelLogController,remove,删除元数据数据库与信息及字段信息关系-日志,qdata-module-mc/qdata-module-mc-biz/src/main/java/tech/qiantong/qdata/module/mc/controller/admin/tableColumnRelLog/McTableColumnRelLogController.java,95,96,@DeleteMapping
856,qdata-server,mc,8080,GET,/mc/mcTableColumnRelLog/{id},McTableColumnRelLogController,getInfo,获取元数据数据库与信息及字段信息关系-日志详细信息,qdata-module-mc/qdata-module-mc-biz/src/main/java/tech/qiantong/qdata/module/mc/controller/admin/tableColumnRelLog/McTableColumnRelLogController.java,64,65,@GetMapping
857,qdata-server,mc,8080,POST,/mc/mcTableLog,McTableLogController,add,新增元数据信息 - 日志,qdata-module-mc/qdata-module-mc-biz/src/main/java/tech/qiantong/qdata/module/mc/controller/admin/tableLog/McTableLogController.java,69,70,@PostMapping
858,qdata-server,mc,8080,PUT,/mc/mcTableLog,McTableLogController,edit,修改元数据信息 - 日志,qdata-module-mc/qdata-module-mc-biz/src/main/java/tech/qiantong/qdata/module/mc/controller/admin/tableLog/McTableLogController.java,79,80,@PutMapping
859,qdata-server,mc,8080,POST,/mc/mcTableLog/export,McTableLogController,export,导出元数据信息 - 日志列表,qdata-module-mc/qdata-module-mc-biz/src/main/java/tech/qiantong/qdata/module/mc/controller/admin/tableLog/McTableLogController.java,52,53,@PostMapping
860,qdata-server,mc,8080,GET,/mc/mcTableLog/list,McTableLogController,list,查询元数据信息 - 日志列表,qdata-module-mc/qdata-module-mc-biz/src/main/java/tech/qiantong/qdata/module/mc/controller/admin/tableLog/McTableLogController.java,44,45,@GetMapping
861,qdata-server,mc,8080,DELETE,/mc/mcTableLog/{ids},McTableLogController,remove,删除元数据信息 - 日志,qdata-module-mc/qdata-module-mc-biz/src/main/java/tech/qiantong/qdata/module/mc/controller/admin/tableLog/McTableLogController.java,89,90,@DeleteMapping
862,qdata-server,mc,8080,GET,/mc/mcTableLog/{id},McTableLogController,getInfo,获取元数据信息 - 日志详细信息,qdata-module-mc/qdata-module-mc-biz/src/main/java/tech/qiantong/qdata/module/mc/controller/admin/tableLog/McTableLogController.java,61,62,@GetMapping
863,qdata-server,mc,8080,POST,/mc/table,McTableController,add,新增元数据信息,qdata-module-mc/qdata-module-mc-biz/src/main/java/tech/qiantong/qdata/module/mc/controller/admin/metadata/McTableController.java,95,96,@PostMapping
864,qdata-server,mc,8080,PUT,/mc/table,McTableController,edit,修改元数据信息,qdata-module-mc/qdata-module-mc-biz/src/main/java/tech/qiantong/qdata/module/mc/controller/admin/metadata/McTableController.java,106,107,@PutMapping
865,qdata-server,mc,8080,GET,/mc/table/batchDeleteCheck/{ids},McTableController,batchDeleteCheck,批量删除检查表元数据,qdata-module-mc/qdata-module-mc-biz/src/main/java/tech/qiantong/qdata/module/mc/controller/admin/metadata/McTableController.java,134,135,@GetMapping
866,qdata-server,mc,8080,POST,/mc/table/draft,McTableController,draft,暂存表元数据,qdata-module-mc/qdata-module-mc-biz/src/main/java/tech/qiantong/qdata/module/mc/controller/admin/metadata/McTableController.java,117,118,@PostMapping
867,qdata-server,mc,8080,POST,/mc/table/export,McTableController,export,导出元数据信息列表,qdata-module-mc/qdata-module-mc-biz/src/main/java/tech/qiantong/qdata/module/mc/controller/admin/metadata/McTableController.java,76,77,@PostMapping
868,qdata-server,mc,8080,GET,/mc/table/getMcTableListAsset,McTableController,getMcTableListAsset,查询元数据信息列表,qdata-module-mc/qdata-module-mc-biz/src/main/java/tech/qiantong/qdata/module/mc/controller/admin/metadata/McTableController.java,67,68,@GetMapping
869,qdata-server,mc,8080,GET,/mc/table/getMcTablePageAsset,McTableController,getMcTablePageAsset,查询元数据信息列表,qdata-module-mc/qdata-module-mc-biz/src/main/java/tech/qiantong/qdata/module/mc/controller/admin/metadata/McTableController.java,59,60,@GetMapping
870,qdata-server,mc,8080,GET,/mc/table/list,McTableController,list,查询元数据信息列表,qdata-module-mc/qdata-module-mc-biz/src/main/java/tech/qiantong/qdata/module/mc/controller/admin/metadata/McTableController.java,50,51,@GetMapping
871,qdata-server,mc,8080,POST,/mc/table/toggle,McTableController,toggle,停启用表元数据,qdata-module-mc/qdata-module-mc-biz/src/main/java/tech/qiantong/qdata/module/mc/controller/admin/metadata/McTableController.java,143,144,@PostMapping
872,qdata-server,mc,8080,DELETE,/mc/table/{ids},McTableController,remove,删除元数据信息,qdata-module-mc/qdata-module-mc-biz/src/main/java/tech/qiantong/qdata/module/mc/controller/admin/metadata/McTableController.java,127,128,@DeleteMapping
873,qdata-server,mc,8080,GET,/mc/table/{id},McTableController,getInfo,获取元数据信息详细信息,qdata-module-mc/qdata-module-mc-biz/src/main/java/tech/qiantong/qdata/module/mc/controller/admin/metadata/McTableController.java,86,87,@GetMapping
874,qdata-server,mc,8080,POST,/mc/task,McTaskController,add,新增采集任务,qdata-module-mc/qdata-module-mc-biz/src/main/java/tech/qiantong/qdata/module/mc/controller/admin/task/McTaskController.java,85,86,@PostMapping
875,qdata-server,mc,8080,PUT,/mc/task,McTaskController,edit,修改采集任务,qdata-module-mc/qdata-module-mc-biz/src/main/java/tech/qiantong/qdata/module/mc/controller/admin/task/McTaskController.java,95,96,@PutMapping
876,qdata-server,mc,8080,GET,/mc/task/batchDeleteCheck/{ids},McTaskController,batchDeleteCheck,删除采集任务,qdata-module-mc/qdata-module-mc-biz/src/main/java/tech/qiantong/qdata/module/mc/controller/admin/task/McTaskController.java,112,113,@GetMapping
877,qdata-server,mc,8080,POST,/mc/task/export,McTaskController,export,导出采集任务列表,qdata-module-mc/qdata-module-mc-biz/src/main/java/tech/qiantong/qdata/module/mc/controller/admin/task/McTaskController.java,58,59,@PostMapping
878,qdata-server,mc,8080,GET,/mc/task/getRealtimeMcTaskScopeList/{id},McTaskController,getRealtimeMcTaskScopeList,获取采集范围信息,qdata-module-mc/qdata-module-mc-biz/src/main/java/tech/qiantong/qdata/module/mc/controller/admin/task/McTaskController.java,119,120,@GetMapping
879,qdata-server,mc,8080,POST,/mc/task/importData,McTaskController,importData,导入采集任务列表,qdata-module-mc/qdata-module-mc-biz/src/main/java/tech/qiantong/qdata/module/mc/controller/admin/task/McTaskController.java,68,69,@PostMapping
880,qdata-server,mc,8080,GET,/mc/task/list,McTaskController,list,查询采集任务列表,qdata-module-mc/qdata-module-mc-biz/src/main/java/tech/qiantong/qdata/module/mc/controller/admin/task/McTaskController.java,49,50,@GetMapping
881,qdata-server,mc,8080,POST,/mc/task/runJobOnce,McTaskController,runJobOnce,上下线-调度,qdata-module-mc/qdata-module-mc-biz/src/main/java/tech/qiantong/qdata/module/mc/controller/admin/task/McTaskController.java,143,145,@PostMapping
882,qdata-server,mc,8080,GET,/mc/task/sourceSystemTree,McTaskController,getSourceSystemTree,获取来源系统树形结构,qdata-module-mc/qdata-module-mc-biz/src/main/java/tech/qiantong/qdata/module/mc/controller/admin/task/McTaskController.java,153,154,@GetMapping
883,qdata-server,mc,8080,GET,/mc/task/test,McTaskController,test,获取来源系统树形结构,qdata-module-mc/qdata-module-mc-biz/src/main/java/tech/qiantong/qdata/module/mc/controller/admin/task/McTaskController.java,159,160,@GetMapping
884,qdata-server,mc,8080,POST,/mc/task/updateReleaseJobTask,McTaskController,updateReleaseJobTask,上下线-任务,qdata-module-mc/qdata-module-mc-biz/src/main/java/tech/qiantong/qdata/module/mc/controller/admin/task/McTaskController.java,127,129,@PostMapping
885,qdata-server,mc,8080,POST,/mc/task/updateReleaseSchedule,McTaskController,updateReleaseSchedule,上下线-调度,qdata-module-mc/qdata-module-mc-biz/src/main/java/tech/qiantong/qdata/module/mc/controller/admin/task/McTaskController.java,135,137,@PostMapping
886,qdata-server,mc,8080,DELETE,/mc/task/{ids},McTaskController,remove,删除采集任务,qdata-module-mc/qdata-module-mc-biz/src/main/java/tech/qiantong/qdata/module/mc/controller/admin/task/McTaskController.java,105,106,@DeleteMapping
887,qdata-server,mc,8080,GET,/mc/task/{id},McTaskController,getInfo,获取采集任务详细信息,qdata-module-mc/qdata-module-mc-biz/src/main/java/tech/qiantong/qdata/module/mc/controller/admin/task/McTaskController.java,78,79,@GetMapping
888,qdata-server,mc,8080,PUT,/mc/taskExecutor/runExecuteTask/{id},McTaskExecutorController,runExecuteTask,,qdata-module-mc/qdata-module-mc-biz/src/main/java/tech/qiantong/qdata/module/mc/controller/admin/task/McTaskExecutorController.java,39,40,@PutMapping
889,qdata-server,mc,8080,POST,/mc/taskInstance,McTaskInstanceController,add,新增采集任务实例,qdata-module-mc/qdata-module-mc-biz/src/main/java/tech/qiantong/qdata/module/mc/controller/admin/task/McTaskInstanceController.java,82,83,@PostMapping
890,qdata-server,mc,8080,PUT,/mc/taskInstance,McTaskInstanceController,edit,修改采集任务实例,qdata-module-mc/qdata-module-mc-biz/src/main/java/tech/qiantong/qdata/module/mc/controller/admin/task/McTaskInstanceController.java,92,93,@PutMapping
891,qdata-server,mc,8080,POST,/mc/taskInstance/export,McTaskInstanceController,export,导出采集任务实例列表,qdata-module-mc/qdata-module-mc-biz/src/main/java/tech/qiantong/qdata/module/mc/controller/admin/task/McTaskInstanceController.java,54,55,@PostMapping
892,qdata-server,mc,8080,POST,/mc/taskInstance/importData,McTaskInstanceController,importData,导入采集任务实例列表,qdata-module-mc/qdata-module-mc-biz/src/main/java/tech/qiantong/qdata/module/mc/controller/admin/task/McTaskInstanceController.java,64,65,@PostMapping
893,qdata-server,mc,8080,GET,/mc/taskInstance/list,McTaskInstanceController,list,查询采集任务实例列表,qdata-module-mc/qdata-module-mc-biz/src/main/java/tech/qiantong/qdata/module/mc/controller/admin/task/McTaskInstanceController.java,46,47,@GetMapping
894,qdata-server,mc,8080,DELETE,/mc/taskInstance/{ids},McTaskInstanceController,remove,删除采集任务实例,qdata-module-mc/qdata-module-mc-biz/src/main/java/tech/qiantong/qdata/module/mc/controller/admin/task/McTaskInstanceController.java,102,103,@DeleteMapping
895,qdata-server,mc,8080,GET,/mc/taskInstance/{id},McTaskInstanceController,getInfo,获取采集任务实例详细信息,qdata-module-mc/qdata-module-mc-biz/src/main/java/tech/qiantong/qdata/module/mc/controller/admin/task/McTaskInstanceController.java,74,75,@GetMapping
896,qdata-server,mc,8080,POST,/mc/taskInstanceLog,McTaskInstanceLogController,add,新增采集任务实例-日志,qdata-module-mc/qdata-module-mc-biz/src/main/java/tech/qiantong/qdata/module/mc/controller/admin/task/McTaskInstanceLogController.java,69,70,@PostMapping
897,qdata-server,mc,8080,PUT,/mc/taskInstanceLog,McTaskInstanceLogController,edit,修改采集任务实例-日志,qdata-module-mc/qdata-module-mc-biz/src/main/java/tech/qiantong/qdata/module/mc/controller/admin/task/McTaskInstanceLogController.java,79,80,@PutMapping
898,qdata-server,mc,8080,POST,/mc/taskInstanceLog/export,McTaskInstanceLogController,export,导出采集任务实例-日志列表,qdata-module-mc/qdata-module-mc-biz/src/main/java/tech/qiantong/qdata/module/mc/controller/admin/task/McTaskInstanceLogController.java,52,53,@PostMapping
899,qdata-server,mc,8080,GET,/mc/taskInstanceLog/list,McTaskInstanceLogController,list,查询采集任务实例-日志列表,qdata-module-mc/qdata-module-mc-biz/src/main/java/tech/qiantong/qdata/module/mc/controller/admin/task/McTaskInstanceLogController.java,44,45,@GetMapping
900,qdata-server,mc,8080,GET,/mc/taskInstanceLog/{id},McTaskInstanceLogController,getInfo,获取采集任务实例-日志详细信息,qdata-module-mc/qdata-module-mc-biz/src/main/java/tech/qiantong/qdata/module/mc/controller/admin/task/McTaskInstanceLogController.java,61,62,@GetMapping
901,qdata-server,mc,8080,DELETE,/mc/taskInstanceLog/{taskInstanceIds},McTaskInstanceLogController,remove,删除采集任务实例-日志,qdata-module-mc/qdata-module-mc-biz/src/main/java/tech/qiantong/qdata/module/mc/controller/admin/task/McTaskInstanceLogController.java,89,90,@DeleteMapping
902,qdata-server,mc,8080,POST,/mc/taskScheduler,McTaskSchedulerController,add,新增数据集成调度信息,qdata-module-mc/qdata-module-mc-biz/src/main/java/tech/qiantong/qdata/module/mc/controller/admin/task/McTaskSchedulerController.java,82,83,@PostMapping
903,qdata-server,mc,8080,PUT,/mc/taskScheduler,McTaskSchedulerController,edit,修改数据集成调度信息,qdata-module-mc/qdata-module-mc-biz/src/main/java/tech/qiantong/qdata/module/mc/controller/admin/task/McTaskSchedulerController.java,92,93,@PutMapping
904,qdata-server,mc,8080,POST,/mc/taskScheduler/export,McTaskSchedulerController,export,导出数据集成调度信息列表,qdata-module-mc/qdata-module-mc-biz/src/main/java/tech/qiantong/qdata/module/mc/controller/admin/task/McTaskSchedulerController.java,54,55,@PostMapping
905,qdata-server,mc,8080,POST,/mc/taskScheduler/importData,McTaskSchedulerController,importData,导入数据集成调度信息列表,qdata-module-mc/qdata-module-mc-biz/src/main/java/tech/qiantong/qdata/module/mc/controller/admin/task/McTaskSchedulerController.java,64,65,@PostMapping
906,qdata-server,mc,8080,GET,/mc/taskScheduler/list,McTaskSchedulerController,list,查询数据集成调度信息列表,qdata-module-mc/qdata-module-mc-biz/src/main/java/tech/qiantong/qdata/module/mc/controller/admin/task/McTaskSchedulerController.java,46,47,@GetMapping
907,qdata-server,mc,8080,DELETE,/mc/taskScheduler/{ids},McTaskSchedulerController,remove,删除数据集成调度信息,qdata-module-mc/qdata-module-mc-biz/src/main/java/tech/qiantong/qdata/module/mc/controller/admin/task/McTaskSchedulerController.java,102,103,@DeleteMapping
908,qdata-server,mc,8080,GET,/mc/taskScheduler/{id},McTaskSchedulerController,getInfo,获取数据集成调度信息详细信息,qdata-module-mc/qdata-module-mc-biz/src/main/java/tech/qiantong/qdata/module/mc/controller/admin/task/McTaskSchedulerController.java,74,75,@GetMapping
909,qdata-server,mc,8080,POST,/mc/taskScope,McTaskScopeController,add,新增采集范围,qdata-module-mc/qdata-module-mc-biz/src/main/java/tech/qiantong/qdata/module/mc/controller/admin/task/McTaskScopeController.java,82,83,@PostMapping
910,qdata-server,mc,8080,PUT,/mc/taskScope,McTaskScopeController,edit,修改采集范围,qdata-module-mc/qdata-module-mc-biz/src/main/java/tech/qiantong/qdata/module/mc/controller/admin/task/McTaskScopeController.java,92,93,@PutMapping
911,qdata-server,mc,8080,POST,/mc/taskScope/export,McTaskScopeController,export,导出采集范围列表,qdata-module-mc/qdata-module-mc-biz/src/main/java/tech/qiantong/qdata/module/mc/controller/admin/task/McTaskScopeController.java,54,55,@PostMapping
912,qdata-server,mc,8080,POST,/mc/taskScope/importData,McTaskScopeController,importData,导入采集范围列表,qdata-module-mc/qdata-module-mc-biz/src/main/java/tech/qiantong/qdata/module/mc/controller/admin/task/McTaskScopeController.java,64,65,@PostMapping
913,qdata-server,mc,8080,GET,/mc/taskScope/list,McTaskScopeController,list,查询采集范围列表,qdata-module-mc/qdata-module-mc-biz/src/main/java/tech/qiantong/qdata/module/mc/controller/admin/task/McTaskScopeController.java,46,47,@GetMapping
914,qdata-server,mc,8080,DELETE,/mc/taskScope/{ids},McTaskScopeController,remove,删除采集范围,qdata-module-mc/qdata-module-mc-biz/src/main/java/tech/qiantong/qdata/module/mc/controller/admin/task/McTaskScopeController.java,102,103,@DeleteMapping
915,qdata-server,mc,8080,GET,/mc/taskScope/{id},McTaskScopeController,getInfo,获取采集范围详细信息,qdata-module-mc/qdata-module-mc-biz/src/main/java/tech/qiantong/qdata/module/mc/controller/admin/task/McTaskScopeController.java,74,75,@GetMapping
916,qdata-server,server,8080,ANY,/dev-api/example/**,DefaultController,example404,,qdata-server/src/main/java/tech/qiantong/qdata/server/controller/DefaultController.java,36,37,@RequestMapping
917,qdata-server,server,8080,ANY,/example/**,DefaultController,example404,,qdata-server/src/main/java/tech/qiantong/qdata/server/controller/DefaultController.java,36,37,@RequestMapping
918,qdata-server,server,8080,ANY,/prod-api/example/**,DefaultController,example404,,qdata-server/src/main/java/tech/qiantong/qdata/server/controller/DefaultController.java,36,37,@RequestMapping
919,qdata-server,system,8080,ANY,/,SysIndexController,index,,qdata-module-system/qdata-module-system-biz/src/main/java/tech/qiantong/qdata/module/system/controller/admin/system/SysIndexController.java,42,43,@RequestMapping
920,qdata-server,system,8080,POST,/ca/cert,CaCertController,add,,qdata-module-system/qdata-module-system-biz/src/main/java/tech/qiantong/qdata/module/system/controller/admin/ca/CaCertController.java,119,120,@PostMapping
921,qdata-server,system,8080,PUT,/ca/cert,CaCertController,edit,,qdata-module-system/qdata-module-system-biz/src/main/java/tech/qiantong/qdata/module/system/controller/admin/ca/CaCertController.java,152,153,@PutMapping
922,qdata-server,system,8080,POST,/ca/cert/export,CaCertController,export,,qdata-module-system/qdata-module-system-biz/src/main/java/tech/qiantong/qdata/module/system/controller/admin/ca/CaCertController.java,96,97,@PostMapping
923,qdata-server,system,8080,GET,/ca/cert/list,CaCertController,list,,qdata-module-system/qdata-module-system-biz/src/main/java/tech/qiantong/qdata/module/system/controller/admin/ca/CaCertController.java,83,84,@GetMapping
924,qdata-server,system,8080,DELETE,/ca/cert/{ids},CaCertController,remove,,qdata-module-system/qdata-module-system-biz/src/main/java/tech/qiantong/qdata/module/system/controller/admin/ca/CaCertController.java,163,164,@DeleteMapping
925,qdata-server,system,8080,GET,/ca/cert/{id},CaCertController,getInfo,,qdata-module-system/qdata-module-system-biz/src/main/java/tech/qiantong/qdata/module/system/controller/admin/ca/CaCertController.java,108,109,@GetMapping
926,qdata-server,system,8080,POST,/ca/subject,CaSubjectController,add,,qdata-module-system/qdata-module-system-biz/src/main/java/tech/qiantong/qdata/module/system/controller/admin/ca/CaSubjectController.java,112,113,@PostMapping
927,qdata-server,system,8080,PUT,/ca/subject,CaSubjectController,edit,,qdata-module-system/qdata-module-system-biz/src/main/java/tech/qiantong/qdata/module/system/controller/admin/ca/CaSubjectController.java,141,142,@PutMapping
928,qdata-server,system,8080,POST,/ca/subject/export,CaSubjectController,export,,qdata-module-system/qdata-module-system-biz/src/main/java/tech/qiantong/qdata/module/system/controller/admin/ca/CaSubjectController.java,89,90,@PostMapping
929,qdata-server,system,8080,GET,/ca/subject/list,CaSubjectController,list,,qdata-module-system/qdata-module-system-biz/src/main/java/tech/qiantong/qdata/module/system/controller/admin/ca/CaSubjectController.java,76,77,@GetMapping
930,qdata-server,system,8080,DELETE,/ca/subject/{ids},CaSubjectController,remove,,qdata-module-system/qdata-module-system-biz/src/main/java/tech/qiantong/qdata/module/system/controller/admin/ca/CaSubjectController.java,152,153,@DeleteMapping
931,qdata-server,system,8080,GET,/ca/subject/{id},CaSubjectController,getInfo,,qdata-module-system/qdata-module-system-biz/src/main/java/tech/qiantong/qdata/module/system/controller/admin/ca/CaSubjectController.java,101,102,@GetMapping
932,qdata-server,system,8080,GET,/captchaImage,CaptchaController,getCode,,qdata-module-system/qdata-module-system-biz/src/main/java/tech/qiantong/qdata/module/system/controller/admin/common/CaptchaController.java,64,65,@GetMapping
933,qdata-server,system,8080,GET,/common/download,CommonController,fileDownload,,qdata-module-system/qdata-module-system-biz/src/main/java/tech/qiantong/qdata/module/system/controller/admin/common/CommonController.java,83,84,@GetMapping
934,qdata-server,system,8080,GET,/common/download/resource,CommonController,resourceDownload,,qdata-module-system/qdata-module-system-biz/src/main/java/tech/qiantong/qdata/module/system/controller/admin/common/CommonController.java,160,161,@GetMapping
935,qdata-server,system,8080,POST,/common/getCsvColumn,CommonController,getCsvColumn,,qdata-module-system/qdata-module-system-biz/src/main/java/tech/qiantong/qdata/module/system/controller/admin/common/CommonController.java,214,215,@PostMapping
936,qdata-server,system,8080,POST,/common/getExcelColumn,CommonController,getExcelColumn,,qdata-module-system/qdata-module-system-biz/src/main/java/tech/qiantong/qdata/module/system/controller/admin/common/CommonController.java,187,188,@PostMapping
937,qdata-server,system,8080,POST,/common/upload,CommonController,uploadFile,,qdata-module-system/qdata-module-system-biz/src/main/java/tech/qiantong/qdata/module/system/controller/admin/common/CommonController.java,106,107,@PostMapping
938,qdata-server,system,8080,POST,/common/uploads,CommonController,uploadFiles,,qdata-module-system/qdata-module-system-biz/src/main/java/tech/qiantong/qdata/module/system/controller/admin/common/CommonController.java,128,129,@PostMapping
939,qdata-server,system,8080,GET,/getInfo,SysLoginController,getInfo,,qdata-module-system/qdata-module-system-biz/src/main/java/tech/qiantong/qdata/module/system/controller/admin/system/SysLoginController.java,88,89,@GetMapping
940,qdata-server,system,8080,GET,/getRouters,SysLoginController,getRouters,,qdata-module-system/qdata-module-system-biz/src/main/java/tech/qiantong/qdata/module/system/controller/admin/system/SysLoginController.java,107,108,@GetMapping
941,qdata-server,system,8080,GET,/getRoutersDpp/{id},SysLoginController,getRoutersDpp,,qdata-module-system/qdata-module-system-biz/src/main/java/tech/qiantong/qdata/module/system/controller/admin/system/SysLoginController.java,119,120,@GetMapping
942,qdata-server,system,8080,POST,/login,SysLoginController,login,,qdata-module-system/qdata-module-system-biz/src/main/java/tech/qiantong/qdata/module/system/controller/admin/system/SysLoginController.java,66,67,@PostMapping
943,qdata-server,system,8080,GET,/monitor/cache,CacheController,getInfo,,qdata-module-system/qdata-module-system-biz/src/main/java/tech/qiantong/qdata/module/system/controller/admin/monitor/CacheController.java,57,58,@GetMapping
944,qdata-server,system,8080,DELETE,/monitor/cache/clearCacheAll,CacheController,clearCacheAll,,qdata-module-system/qdata-module-system-biz/src/main/java/tech/qiantong/qdata/module/system/controller/admin/monitor/CacheController.java,122,123,@DeleteMapping
945,qdata-server,system,8080,DELETE,/monitor/cache/clearCacheKey/{cacheKey},CacheController,clearCacheKey,,qdata-module-system/qdata-module-system-biz/src/main/java/tech/qiantong/qdata/module/system/controller/admin/monitor/CacheController.java,114,115,@DeleteMapping
946,qdata-server,system,8080,DELETE,/monitor/cache/clearCacheName/{cacheName},CacheController,clearCacheName,,qdata-module-system/qdata-module-system-biz/src/main/java/tech/qiantong/qdata/module/system/controller/admin/monitor/CacheController.java,105,106,@DeleteMapping
947,qdata-server,system,8080,GET,/monitor/cache/getKeys/{cacheName},CacheController,getCacheKeys,,qdata-module-system/qdata-module-system-biz/src/main/java/tech/qiantong/qdata/module/system/controller/admin/monitor/CacheController.java,88,89,@GetMapping
948,qdata-server,system,8080,GET,/monitor/cache/getNames,CacheController,cache,,qdata-module-system/qdata-module-system-biz/src/main/java/tech/qiantong/qdata/module/system/controller/admin/monitor/CacheController.java,81,82,@GetMapping
949,qdata-server,system,8080,GET,/monitor/cache/getValue/{cacheName}/{cacheKey},CacheController,getCacheValue,,qdata-module-system/qdata-module-system-biz/src/main/java/tech/qiantong/qdata/module/system/controller/admin/monitor/CacheController.java,96,97,@GetMapping
950,qdata-server,system,8080,DELETE,/monitor/logininfor/clean,SysLogininforController,clean,,qdata-module-system/qdata-module-system-biz/src/main/java/tech/qiantong/qdata/module/system/controller/admin/monitor/SysLogininforController.java,82,83,@DeleteMapping
951,qdata-server,system,8080,POST,/monitor/logininfor/export,SysLogininforController,export,,qdata-module-system/qdata-module-system-biz/src/main/java/tech/qiantong/qdata/module/system/controller/admin/monitor/SysLogininforController.java,64,65,@PostMapping
952,qdata-server,system,8080,GET,/monitor/logininfor/list,SysLogininforController,list,,qdata-module-system/qdata-module-system-biz/src/main/java/tech/qiantong/qdata/module/system/controller/admin/monitor/SysLogininforController.java,54,55,@GetMapping
953,qdata-server,system,8080,GET,/monitor/logininfor/unlock/{userName},SysLogininforController,unlock,,qdata-module-system/qdata-module-system-biz/src/main/java/tech/qiantong/qdata/module/system/controller/admin/monitor/SysLogininforController.java,91,92,@GetMapping
954,qdata-server,system,8080,DELETE,/monitor/logininfor/{infoIds},SysLogininforController,remove,,qdata-module-system/qdata-module-system-biz/src/main/java/tech/qiantong/qdata/module/system/controller/admin/monitor/SysLogininforController.java,74,75,@DeleteMapping
955,qdata-server,system,8080,GET,/monitor/online/list,SysUserOnlineController,list,,qdata-module-system/qdata-module-system-biz/src/main/java/tech/qiantong/qdata/module/system/controller/admin/monitor/SysUserOnlineController.java,57,58,@GetMapping
956,qdata-server,system,8080,DELETE,/monitor/online/{tokenId},SysUserOnlineController,forceLogout,,qdata-module-system/qdata-module-system-biz/src/main/java/tech/qiantong/qdata/module/system/controller/admin/monitor/SysUserOnlineController.java,92,93,@DeleteMapping
957,qdata-server,system,8080,DELETE,/monitor/operlog/clean,SysOperlogController,clean,,qdata-module-system/qdata-module-system-biz/src/main/java/tech/qiantong/qdata/module/system/controller/admin/monitor/SysOperlogController.java,78,79,@DeleteMapping
958,qdata-server,system,8080,POST,/monitor/operlog/export,SysOperlogController,export,,qdata-module-system/qdata-module-system-biz/src/main/java/tech/qiantong/qdata/module/system/controller/admin/monitor/SysOperlogController.java,60,61,@PostMapping
959,qdata-server,system,8080,GET,/monitor/operlog/list,SysOperlogController,list,,qdata-module-system/qdata-module-system-biz/src/main/java/tech/qiantong/qdata/module/system/controller/admin/monitor/SysOperlogController.java,50,51,@GetMapping
960,qdata-server,system,8080,DELETE,/monitor/operlog/{operIds},SysOperlogController,remove,,qdata-module-system/qdata-module-system-biz/src/main/java/tech/qiantong/qdata/module/system/controller/admin/monitor/SysOperlogController.java,70,71,@DeleteMapping
961,qdata-server,system,8080,GET,/monitor/server,ServerController,getInfo,,qdata-module-system/qdata-module-system-biz/src/main/java/tech/qiantong/qdata/module/system/controller/admin/monitor/ServerController.java,38,39,@GetMapping
962,qdata-server,system,8080,ANY,/oauth2/codeLogin,AuthController,codeLogin,,qdata-module-system/qdata-module-system-biz/src/main/java/tech/qiantong/qdata/module/system/controller/admin/auth/AuthController.java,84,86,@RequestMapping
963,qdata-server,system,8080,ANY,/oauth2/getUserinfo,AuthController,getUserinfo,,qdata-module-system/qdata-module-system-biz/src/main/java/tech/qiantong/qdata/module/system/controller/admin/auth/AuthController.java,231,232,@RequestMapping
964,qdata-server,system,8080,ANY,/oauth2/sso/logout,AuthController,loginOut,,qdata-module-system/qdata-module-system-biz/src/main/java/tech/qiantong/qdata/module/system/controller/admin/auth/AuthController.java,256,257,@RequestMapping
965,qdata-server,system,8080,POST,/register,SysRegisterController,register,,qdata-module-system/qdata-module-system-biz/src/main/java/tech/qiantong/qdata/module/system/controller/admin/system/SysRegisterController.java,46,47,@PostMapping
966,qdata-server,system,8080,POST,/syncData,SysSyncDataController,syncData,,qdata-module-system/qdata-module-system-biz/src/main/java/tech/qiantong/qdata/module/system/controller/admin/system/SysSyncDataController.java,50,52,@PostMapping
967,qdata-server,system,8080,GET,/sys/content/{id},SystemContentController,getInfo,Get system configuration details,qdata-module-system/qdata-module-system-biz/src/main/java/tech/qiantong/qdata/module/system/controller/admin/system/SystemContentController.java,66,67,@GetMapping
968,qdata-server,system,8080,POST,/system/config,SysConfigController,add,,qdata-module-system/qdata-module-system-biz/src/main/java/tech/qiantong/qdata/module/system/controller/admin/system/SysConfigController.java,95,96,@PostMapping
969,qdata-server,system,8080,PUT,/system/config,SysConfigController,edit,,qdata-module-system/qdata-module-system-biz/src/main/java/tech/qiantong/qdata/module/system/controller/admin/system/SysConfigController.java,111,112,@PutMapping
970,qdata-server,system,8080,GET,/system/config/configKey/{configKey},SysConfigController,getConfigKey,,qdata-module-system/qdata-module-system-biz/src/main/java/tech/qiantong/qdata/module/system/controller/admin/system/SysConfigController.java,84,85,@GetMapping
971,qdata-server,system,8080,POST,/system/config/export,SysConfigController,export,,qdata-module-system/qdata-module-system-biz/src/main/java/tech/qiantong/qdata/module/system/controller/admin/system/SysConfigController.java,63,64,@PostMapping
972,qdata-server,system,8080,GET,/system/config/list,SysConfigController,list,,qdata-module-system/qdata-module-system-biz/src/main/java/tech/qiantong/qdata/module/system/controller/admin/system/SysConfigController.java,53,54,@GetMapping
973,qdata-server,system,8080,DELETE,/system/config/refreshCache,SysConfigController,refreshCache,,qdata-module-system/qdata-module-system-biz/src/main/java/tech/qiantong/qdata/module/system/controller/admin/system/SysConfigController.java,139,140,@DeleteMapping
974,qdata-server,system,8080,DELETE,/system/config/{configIds},SysConfigController,remove,,qdata-module-system/qdata-module-system-biz/src/main/java/tech/qiantong/qdata/module/system/controller/admin/system/SysConfigController.java,127,128,@DeleteMapping
975,qdata-server,system,8080,GET,/system/config/{configId},SysConfigController,getInfo,,qdata-module-system/qdata-module-system-biz/src/main/java/tech/qiantong/qdata/module/system/controller/admin/system/SysConfigController.java,75,76,@GetMapping
976,qdata-server,system,8080,POST,/system/content/edit,SystemContentController,edit,Modify system configuration,qdata-module-system/qdata-module-system-biz/src/main/java/tech/qiantong/qdata/module/system/controller/admin/system/SystemContentController.java,86,87,@PostMapping
977,qdata-server,system,8080,GET,/system/content/list,SystemContentController,list,Query system configuration list,qdata-module-system/qdata-module-system-biz/src/main/java/tech/qiantong/qdata/module/system/controller/admin/system/SystemContentController.java,57,58,@GetMapping
978,qdata-server,system,8080,POST,/system/dept,SysDeptController,add,,qdata-module-system/qdata-module-system-biz/src/main/java/tech/qiantong/qdata/module/system/controller/admin/system/SysDeptController.java,94,95,@PostMapping
979,qdata-server,system,8080,PUT,/system/dept,SysDeptController,edit,,qdata-module-system/qdata-module-system-biz/src/main/java/tech/qiantong/qdata/module/system/controller/admin/system/SysDeptController.java,110,111,@PutMapping
980,qdata-server,system,8080,GET,/system/dept/list,SysDeptController,list,,qdata-module-system/qdata-module-system-biz/src/main/java/tech/qiantong/qdata/module/system/controller/admin/system/SysDeptController.java,58,59,@GetMapping
981,qdata-server,system,8080,GET,/system/dept/list/exclude/{deptId},SysDeptController,excludeChild,,qdata-module-system/qdata-module-system-biz/src/main/java/tech/qiantong/qdata/module/system/controller/admin/system/SysDeptController.java,69,70,@GetMapping
982,qdata-server,system,8080,GET,/system/dept/test,SysDeptController,test,,qdata-module-system/qdata-module-system-biz/src/main/java/tech/qiantong/qdata/module/system/controller/admin/system/SysDeptController.java,49,50,@GetMapping
983,qdata-server,system,8080,DELETE,/system/dept/{deptId},SysDeptController,remove,,qdata-module-system/qdata-module-system-biz/src/main/java/tech/qiantong/qdata/module/system/controller/admin/system/SysDeptController.java,136,137,@DeleteMapping
984,qdata-server,system,8080,GET,/system/dept/{deptId},SysDeptController,getInfo,,qdata-module-system/qdata-module-system-biz/src/main/java/tech/qiantong/qdata/module/system/controller/admin/system/SysDeptController.java,82,83,@GetMapping
985,qdata-server,system,8080,POST,/system/dict/data,SysDictDataController,add,,qdata-module-system/qdata-module-system-biz/src/main/java/tech/qiantong/qdata/module/system/controller/admin/system/SysDictDataController.java,103,104,@PostMapping
986,qdata-server,system,8080,PUT,/system/dict/data,SysDictDataController,edit,,qdata-module-system/qdata-module-system-biz/src/main/java/tech/qiantong/qdata/module/system/controller/admin/system/SysDictDataController.java,115,116,@PutMapping
987,qdata-server,system,8080,POST,/system/dict/data/export,SysDictDataController,export,,qdata-module-system/qdata-module-system-biz/src/main/java/tech/qiantong/qdata/module/system/controller/admin/system/SysDictDataController.java,66,67,@PostMapping
988,qdata-server,system,8080,GET,/system/dict/data/list,SysDictDataController,list,,qdata-module-system/qdata-module-system-biz/src/main/java/tech/qiantong/qdata/module/system/controller/admin/system/SysDictDataController.java,56,57,@GetMapping
989,qdata-server,system,8080,GET,/system/dict/data/type/{dictType},SysDictDataController,dictType,,qdata-module-system/qdata-module-system-biz/src/main/java/tech/qiantong/qdata/module/system/controller/admin/system/SysDictDataController.java,87,88,@GetMapping
990,qdata-server,system,8080,DELETE,/system/dict/data/{dictCodes},SysDictDataController,remove,,qdata-module-system/qdata-module-system-biz/src/main/java/tech/qiantong/qdata/module/system/controller/admin/system/SysDictDataController.java,127,128,@DeleteMapping
991,qdata-server,system,8080,GET,/system/dict/data/{dictCode},SysDictDataController,getInfo,,qdata-module-system/qdata-module-system-biz/src/main/java/tech/qiantong/qdata/module/system/controller/admin/system/SysDictDataController.java,78,79,@GetMapping
992,qdata-server,system,8080,POST,/system/dict/type,SysDictTypeController,add,,qdata-module-system/qdata-module-system-biz/src/main/java/tech/qiantong/qdata/module/system/controller/admin/system/SysDictTypeController.java,91,92,@PostMapping
993,qdata-server,system,8080,PUT,/system/dict/type,SysDictTypeController,edit,,qdata-module-system/qdata-module-system-biz/src/main/java/tech/qiantong/qdata/module/system/controller/admin/system/SysDictTypeController.java,107,108,@PutMapping
994,qdata-server,system,8080,GET,/system/dict/type/batchDictData,SysDictTypeController,batchGenCode,,qdata-module-system/qdata-module-system-biz/src/main/java/tech/qiantong/qdata/module/system/controller/admin/system/SysDictTypeController.java,152,153,@GetMapping
995,qdata-server,system,8080,POST,/system/dict/type/export,SysDictTypeController,export,,qdata-module-system/qdata-module-system-biz/src/main/java/tech/qiantong/qdata/module/system/controller/admin/system/SysDictTypeController.java,68,69,@PostMapping
996,qdata-server,system,8080,GET,/system/dict/type/list,SysDictTypeController,list,,qdata-module-system/qdata-module-system-biz/src/main/java/tech/qiantong/qdata/module/system/controller/admin/system/SysDictTypeController.java,58,59,@GetMapping
997,qdata-server,system,8080,GET,/system/dict/type/optionselect,SysDictTypeController,optionselect,,qdata-module-system/qdata-module-system-biz/src/main/java/tech/qiantong/qdata/module/system/controller/admin/system/SysDictTypeController.java,145,146,@GetMapping
998,qdata-server,system,8080,DELETE,/system/dict/type/refreshCache,SysDictTypeController,refreshCache,,qdata-module-system/qdata-module-system-biz/src/main/java/tech/qiantong/qdata/module/system/controller/admin/system/SysDictTypeController.java,135,136,@DeleteMapping
999,qdata-server,system,8080,DELETE,/system/dict/type/{dictIds},SysDictTypeController,remove,,qdata-module-system/qdata-module-system-biz/src/main/java/tech/qiantong/qdata/module/system/controller/admin/system/SysDictTypeController.java,123,124,@DeleteMapping
1000,qdata-server,system,8080,GET,/system/dict/type/{dictId},SysDictTypeController,getInfo,,qdata-module-system/qdata-module-system-biz/src/main/java/tech/qiantong/qdata/module/system/controller/admin/system/SysDictTypeController.java,80,81,@GetMapping
1001,qdata-server,system,8080,POST,/system/menu,SysMenuController,add,,qdata-module-system/qdata-module-system-biz/src/main/java/tech/qiantong/qdata/module/system/controller/admin/system/SysMenuController.java,145,146,@PostMapping
1002,qdata-server,system,8080,PUT,/system/menu,SysMenuController,edit,,qdata-module-system/qdata-module-system-biz/src/main/java/tech/qiantong/qdata/module/system/controller/admin/system/SysMenuController.java,165,166,@PutMapping
1003,qdata-server,system,8080,GET,/system/menu/list,SysMenuController,list,,qdata-module-system/qdata-module-system-biz/src/main/java/tech/qiantong/qdata/module/system/controller/admin/system/SysMenuController.java,52,53,@GetMapping
1004,qdata-server,system,8080,GET,/system/menu/roleMenuTreeselect/{roleId},SysMenuController,roleMenuTreeselect,,qdata-module-system/qdata-module-system-biz/src/main/java/tech/qiantong/qdata/module/system/controller/admin/system/SysMenuController.java,102,103,@GetMapping
1005,qdata-server,system,8080,GET,/system/menu/roleMenuTreeselectDpp/{roleId},SysMenuController,roleMenuTreeselectDpp,,qdata-module-system/qdata-module-system-biz/src/main/java/tech/qiantong/qdata/module/system/controller/admin/system/SysMenuController.java,128,129,@GetMapping
1006,qdata-server,system,8080,GET,/system/menu/roleMenuTreeselectNoDpp/{roleId},SysMenuController,roleMenuTreeselectNoDpp,,qdata-module-system/qdata-module-system-biz/src/main/java/tech/qiantong/qdata/module/system/controller/admin/system/SysMenuController.java,115,116,@GetMapping
1007,qdata-server,system,8080,GET,/system/menu/treeselect,SysMenuController,treeselect,,qdata-module-system/qdata-module-system-biz/src/main/java/tech/qiantong/qdata/module/system/controller/admin/system/SysMenuController.java,72,73,@GetMapping
1008,qdata-server,system,8080,GET,/system/menu/treeselectDpp,SysMenuController,treeselectDpp,,qdata-module-system/qdata-module-system-biz/src/main/java/tech/qiantong/qdata/module/system/controller/admin/system/SysMenuController.java,92,93,@GetMapping
1009,qdata-server,system,8080,GET,/system/menu/treeselectNoDpp,SysMenuController,treeselectNoDpp,,qdata-module-system/qdata-module-system-biz/src/main/java/tech/qiantong/qdata/module/system/controller/admin/system/SysMenuController.java,82,83,@GetMapping
1010,qdata-server,system,8080,DELETE,/system/menu/{menuId},SysMenuController,remove,,qdata-module-system/qdata-module-system-biz/src/main/java/tech/qiantong/qdata/module/system/controller/admin/system/SysMenuController.java,189,190,@DeleteMapping
1011,qdata-server,system,8080,GET,/system/menu/{menuId},SysMenuController,getInfo,,qdata-module-system/qdata-module-system-biz/src/main/java/tech/qiantong/qdata/module/system/controller/admin/system/SysMenuController.java,63,64,@GetMapping
1012,qdata-server,system,8080,POST,/system/message,MessageController,add,Add message,qdata-module-system/qdata-module-system-biz/src/main/java/tech/qiantong/qdata/module/system/controller/admin/system/message/MessageController.java,98,99,@PostMapping
1013,qdata-server,system,8080,PUT,/system/message,MessageController,edit,Modify message,qdata-module-system/qdata-module-system-biz/src/main/java/tech/qiantong/qdata/module/system/controller/admin/system/message/MessageController.java,116,117,@PutMapping
1014,qdata-server,system,8080,POST,/system/message/export,MessageController,export,Export message list,qdata-module-system/qdata-module-system-biz/src/main/java/tech/qiantong/qdata/module/system/controller/admin/system/message/MessageController.java,80,81,@PostMapping
1015,qdata-server,system,8080,GET,/system/message/getNum,MessageController,getNum,Query message count,qdata-module-system/qdata-module-system-biz/src/main/java/tech/qiantong/qdata/module/system/controller/admin/system/message/MessageController.java,144,145,@GetMapping
1016,qdata-server,system,8080,GET,/system/message/list,MessageController,list,Query message list,qdata-module-system/qdata-module-system-biz/src/main/java/tech/qiantong/qdata/module/system/controller/admin/system/message/MessageController.java,70,71,@GetMapping
1017,qdata-server,system,8080,POST,/system/message/read,MessageController,read,Mark message as read,qdata-module-system/qdata-module-system-biz/src/main/java/tech/qiantong/qdata/module/system/controller/admin/system/message/MessageController.java,152,153,@PostMapping
1018,qdata-server,system,8080,POST,/system/message/readAll,MessageController,readAll,Mark all messages as read,qdata-module-system/qdata-module-system-biz/src/main/java/tech/qiantong/qdata/module/system/controller/admin/system/message/MessageController.java,158,159,@PostMapping
1019,qdata-server,system,8080,POST,/system/message/send,MessageController,send,Send message,qdata-module-system/qdata-module-system-biz/src/main/java/tech/qiantong/qdata/module/system/controller/admin/system/message/MessageController.java,172,173,@PostMapping
1020,qdata-server,system,8080,GET,/system/message/test,MessageController,test,Test add message,qdata-module-system/qdata-module-system-biz/src/main/java/tech/qiantong/qdata/module/system/controller/admin/system/message/MessageController.java,164,165,@GetMapping
1021,qdata-server,system,8080,DELETE,/system/message/{ids},MessageController,remove,Delete message,qdata-module-system/qdata-module-system-biz/src/main/java/tech/qiantong/qdata/module/system/controller/admin/system/message/MessageController.java,135,136,@DeleteMapping
1022,qdata-server,system,8080,GET,/system/message/{id},MessageController,getInfo,Get message details,qdata-module-system/qdata-module-system-biz/src/main/java/tech/qiantong/qdata/module/system/controller/admin/system/message/MessageController.java,89,90,@GetMapping
1023,qdata-server,system,8080,POST,/system/messageTemplate,MessageTemplateController,add,Add message template,qdata-module-system/qdata-module-system-biz/src/main/java/tech/qiantong/qdata/module/system/controller/admin/system/message/MessageTemplateController.java,91,92,@PostMapping
1024,qdata-server,system,8080,PUT,/system/messageTemplate,MessageTemplateController,edit,Modify message template,qdata-module-system/qdata-module-system-biz/src/main/java/tech/qiantong/qdata/module/system/controller/admin/system/message/MessageTemplateController.java,102,103,@PutMapping
1025,qdata-server,system,8080,POST,/system/messageTemplate/export,MessageTemplateController,export,Export message template list,qdata-module-system/qdata-module-system-biz/src/main/java/tech/qiantong/qdata/module/system/controller/admin/system/message/MessageTemplateController.java,73,74,@PostMapping
1026,qdata-server,system,8080,GET,/system/messageTemplate/list,MessageTemplateController,list,Query message template list,qdata-module-system/qdata-module-system-biz/src/main/java/tech/qiantong/qdata/module/system/controller/admin/system/message/MessageTemplateController.java,63,64,@GetMapping
1027,qdata-server,system,8080,DELETE,/system/messageTemplate/{ids},MessageTemplateController,remove,Delete message template,qdata-module-system/qdata-module-system-biz/src/main/java/tech/qiantong/qdata/module/system/controller/admin/system/message/MessageTemplateController.java,114,115,@DeleteMapping
1028,qdata-server,system,8080,GET,/system/messageTemplate/{id},MessageTemplateController,getInfo,Get message template details,qdata-module-system/qdata-module-system-biz/src/main/java/tech/qiantong/qdata/module/system/controller/admin/system/message/MessageTemplateController.java,82,83,@GetMapping
1029,qdata-server,system,8080,POST,/system/notice,SysNoticeController,add,,qdata-module-system/qdata-module-system-biz/src/main/java/tech/qiantong/qdata/module/system/controller/admin/system/SysNoticeController.java,131,132,@PostMapping
1030,qdata-server,system,8080,PUT,/system/notice,SysNoticeController,edit,,qdata-module-system/qdata-module-system-biz/src/main/java/tech/qiantong/qdata/module/system/controller/admin/system/SysNoticeController.java,151,152,@PutMapping
1031,qdata-server,system,8080,GET,/system/notice/alertNotice,SysNoticeController,alertNotice,,qdata-module-system/qdata-module-system-biz/src/main/java/tech/qiantong/qdata/module/system/controller/admin/system/SysNoticeController.java,102,103,@GetMapping
1032,qdata-server,system,8080,GET,/system/notice/list,SysNoticeController,list,,qdata-module-system/qdata-module-system-biz/src/main/java/tech/qiantong/qdata/module/system/controller/admin/system/SysNoticeController.java,71,72,@GetMapping
1033,qdata-server,system,8080,GET,/system/notice/one,SysNoticeController,getInfo,,qdata-module-system/qdata-module-system-biz/src/main/java/tech/qiantong/qdata/module/system/controller/admin/system/SysNoticeController.java,121,122,@GetMapping
1034,qdata-server,system,8080,GET,/system/notice/sortList,SysNoticeController,sortList,,qdata-module-system/qdata-module-system-biz/src/main/java/tech/qiantong/qdata/module/system/controller/admin/system/SysNoticeController.java,84,85,@GetMapping
1035,qdata-server,system,8080,DELETE,/system/notice/{noticeIds},SysNoticeController,remove,,qdata-module-system/qdata-module-system-biz/src/main/java/tech/qiantong/qdata/module/system/controller/admin/system/SysNoticeController.java,182,183,@DeleteMapping
1036,qdata-server,system,8080,POST,/system/post,SysPostController,add,,qdata-module-system/qdata-module-system-biz/src/main/java/tech/qiantong/qdata/module/system/controller/admin/system/SysPostController.java,86,87,@PostMapping
1037,qdata-server,system,8080,PUT,/system/post,SysPostController,edit,,qdata-module-system/qdata-module-system-biz/src/main/java/tech/qiantong/qdata/module/system/controller/admin/system/SysPostController.java,106,107,@PutMapping
1038,qdata-server,system,8080,POST,/system/post/export,SysPostController,export,,qdata-module-system/qdata-module-system-biz/src/main/java/tech/qiantong/qdata/module/system/controller/admin/system/SysPostController.java,63,64,@PostMapping
1039,qdata-server,system,8080,GET,/system/post/list,SysPostController,list,,qdata-module-system/qdata-module-system-biz/src/main/java/tech/qiantong/qdata/module/system/controller/admin/system/SysPostController.java,53,54,@GetMapping
1040,qdata-server,system,8080,GET,/system/post/optionselect,SysPostController,optionselect,,qdata-module-system/qdata-module-system-biz/src/main/java/tech/qiantong/qdata/module/system/controller/admin/system/SysPostController.java,135,136,@GetMapping
1041,qdata-server,system,8080,DELETE,/system/post/{postIds},SysPostController,remove,,qdata-module-system/qdata-module-system-biz/src/main/java/tech/qiantong/qdata/module/system/controller/admin/system/SysPostController.java,126,127,@DeleteMapping
1042,qdata-server,system,8080,GET,/system/post/{postId},SysPostController,getInfo,,qdata-module-system/qdata-module-system-biz/src/main/java/tech/qiantong/qdata/module/system/controller/admin/system/SysPostController.java,75,76,@GetMapping
1043,qdata-server,system,8080,POST,/system/role,SysRoleController,add,,qdata-module-system/qdata-module-system-biz/src/main/java/tech/qiantong/qdata/module/system/controller/admin/system/SysRoleController.java,105,106,@PostMapping
1044,qdata-server,system,8080,PUT,/system/role,SysRoleController,edit,,qdata-module-system/qdata-module-system-biz/src/main/java/tech/qiantong/qdata/module/system/controller/admin/system/SysRoleController.java,126,127,@PutMapping
1045,qdata-server,system,8080,GET,/system/role/authUser/allocatedList,SysRoleController,allocatedList,,qdata-module-system/qdata-module-system-biz/src/main/java/tech/qiantong/qdata/module/system/controller/admin/system/SysRoleController.java,208,209,@GetMapping
1046,qdata-server,system,8080,PUT,/system/role/authUser/cancel,SysRoleController,cancelAuthUser,,qdata-module-system/qdata-module-system-biz/src/main/java/tech/qiantong/qdata/module/system/controller/admin/system/SysRoleController.java,233,234,@PutMapping
1047,qdata-server,system,8080,PUT,/system/role/authUser/cancelAll,SysRoleController,cancelAuthUserAll,,qdata-module-system/qdata-module-system-biz/src/main/java/tech/qiantong/qdata/module/system/controller/admin/system/SysRoleController.java,244,245,@PutMapping
1048,qdata-server,system,8080,PUT,/system/role/authUser/selectAll,SysRoleController,selectAuthUserAll,,qdata-module-system/qdata-module-system-biz/src/main/java/tech/qiantong/qdata/module/system/controller/admin/system/SysRoleController.java,255,256,@PutMapping
1049,qdata-server,system,8080,GET,/system/role/authUser/unallocatedList,SysRoleController,unallocatedList,,qdata-module-system/qdata-module-system-biz/src/main/java/tech/qiantong/qdata/module/system/controller/admin/system/SysRoleController.java,220,221,@GetMapping
1050,qdata-server,system,8080,PUT,/system/role/changeStatus,SysRoleController,changeStatus,,qdata-module-system/qdata-module-system-biz/src/main/java/tech/qiantong/qdata/module/system/controller/admin/system/SysRoleController.java,174,175,@PutMapping
1051,qdata-server,system,8080,PUT,/system/role/dataScope,SysRoleController,dataScope,,qdata-module-system/qdata-module-system-biz/src/main/java/tech/qiantong/qdata/module/system/controller/admin/system/SysRoleController.java,161,162,@PutMapping
1052,qdata-server,system,8080,GET,/system/role/deptTree/{roleId},SysRoleController,deptTree,,qdata-module-system/qdata-module-system-biz/src/main/java/tech/qiantong/qdata/module/system/controller/admin/system/SysRoleController.java,266,267,@GetMapping
1053,qdata-server,system,8080,POST,/system/role/export,SysRoleController,export,,qdata-module-system/qdata-module-system-biz/src/main/java/tech/qiantong/qdata/module/system/controller/admin/system/SysRoleController.java,81,82,@PostMapping
1054,qdata-server,system,8080,GET,/system/role/list,SysRoleController,list,,qdata-module-system/qdata-module-system-biz/src/main/java/tech/qiantong/qdata/module/system/controller/admin/system/SysRoleController.java,71,72,@GetMapping
1055,qdata-server,system,8080,GET,/system/role/optionselect,SysRoleController,optionselect,,qdata-module-system/qdata-module-system-biz/src/main/java/tech/qiantong/qdata/module/system/controller/admin/system/SysRoleController.java,198,199,@GetMapping
1056,qdata-server,system,8080,DELETE,/system/role/{roleIds},SysRoleController,remove,,qdata-module-system/qdata-module-system-biz/src/main/java/tech/qiantong/qdata/module/system/controller/admin/system/SysRoleController.java,188,189,@DeleteMapping
1057,qdata-server,system,8080,GET,/system/role/{roleId},SysRoleController,getInfo,,qdata-module-system/qdata-module-system-biz/src/main/java/tech/qiantong/qdata/module/system/controller/admin/system/SysRoleController.java,93,94,@GetMapping
1058,qdata-server,system,8080,POST,/system/user,SysUserController,add,,qdata-module-system/qdata-module-system-biz/src/main/java/tech/qiantong/qdata/module/system/controller/admin/system/SysUserController.java,139,140,@PostMapping
1059,qdata-server,system,8080,PUT,/system/user,SysUserController,edit,,qdata-module-system/qdata-module-system-biz/src/main/java/tech/qiantong/qdata/module/system/controller/admin/system/SysUserController.java,166,167,@PutMapping
1060,qdata-server,system,8080,GET,/system/user/,SysUserController,getInfo,,qdata-module-system/qdata-module-system-biz/src/main/java/tech/qiantong/qdata/module/system/controller/admin/system/SysUserController.java,114,115,@GetMapping
1061,qdata-server,system,8080,PUT,/system/user/authRole,SysUserController,insertAuthRole,,qdata-module-system/qdata-module-system-biz/src/main/java/tech/qiantong/qdata/module/system/controller/admin/system/SysUserController.java,253,254,@PutMapping
1062,qdata-server,system,8080,GET,/system/user/authRole/{userId},SysUserController,authRole,,qdata-module-system/qdata-module-system-biz/src/main/java/tech/qiantong/qdata/module/system/controller/admin/system/SysUserController.java,237,238,@GetMapping
1063,qdata-server,system,8080,PUT,/system/user/changeStatus,SysUserController,changeStatus,,qdata-module-system/qdata-module-system-biz/src/main/java/tech/qiantong/qdata/module/system/controller/admin/system/SysUserController.java,224,225,@PutMapping
1064,qdata-server,system,8080,GET,/system/user/deptTree,SysUserController,deptTree,,qdata-module-system/qdata-module-system-biz/src/main/java/tech/qiantong/qdata/module/system/controller/admin/system/SysUserController.java,266,267,@GetMapping
1065,qdata-server,system,8080,POST,/system/user/export,SysUserController,export,,qdata-module-system/qdata-module-system-biz/src/main/java/tech/qiantong/qdata/module/system/controller/admin/system/SysUserController.java,83,84,@PostMapping
1066,qdata-server,system,8080,POST,/system/user/importData,SysUserController,importData,,qdata-module-system/qdata-module-system-biz/src/main/java/tech/qiantong/qdata/module/system/controller/admin/system/SysUserController.java,93,94,@PostMapping
1067,qdata-server,system,8080,POST,/system/user/importTemplate,SysUserController,importTemplate,,qdata-module-system/qdata-module-system-biz/src/main/java/tech/qiantong/qdata/module/system/controller/admin/system/SysUserController.java,103,104,@PostMapping
1068,qdata-server,system,8080,GET,/system/user/list,SysUserController,list,,qdata-module-system/qdata-module-system-biz/src/main/java/tech/qiantong/qdata/module/system/controller/admin/system/SysUserController.java,73,74,@GetMapping
1069,qdata-server,system,8080,GET,/system/user/noPermi/deptTree,SysUserController,deptTreeNoPermi,,qdata-module-system/qdata-module-system-biz/src/main/java/tech/qiantong/qdata/module/system/controller/admin/system/SysUserController.java,275,276,@GetMapping
1070,qdata-server,system,8080,GET,/system/user/profile,SysProfileController,profile,,qdata-module-system/qdata-module-system-biz/src/main/java/tech/qiantong/qdata/module/system/controller/admin/system/SysProfileController.java,75,76,@GetMapping
1071,qdata-server,system,8080,PUT,/system/user/profile,SysProfileController,updateProfile,,qdata-module-system/qdata-module-system-biz/src/main/java/tech/qiantong/qdata/module/system/controller/admin/system/SysProfileController.java,90,91,@PutMapping
1072,qdata-server,system,8080,POST,/system/user/profile/avatar,SysProfileController,avatar,,qdata-module-system/qdata-module-system-biz/src/main/java/tech/qiantong/qdata/module/system/controller/admin/system/SysProfileController.java,149,150,@PostMapping
1073,qdata-server,system,8080,PUT,/system/user/profile/updatePwd,SysProfileController,updatePwd,,qdata-module-system/qdata-module-system-biz/src/main/java/tech/qiantong/qdata/module/system/controller/admin/system/SysProfileController.java,120,121,@PutMapping
1074,qdata-server,system,8080,PUT,/system/user/resetPwd,SysUserController,resetPwd,,qdata-module-system/qdata-module-system-biz/src/main/java/tech/qiantong/qdata/module/system/controller/admin/system/SysUserController.java,209,210,@PutMapping
1075,qdata-server,system,8080,GET,/system/user/testLang,SysUserController,testLang,,qdata-module-system/qdata-module-system-biz/src/main/java/tech/qiantong/qdata/module/system/controller/admin/system/SysUserController.java,291,292,@GetMapping
1076,qdata-server,system,8080,GET,/system/user/userDeptTree,SysUserController,userDeptTreeSelect,,qdata-module-system/qdata-module-system-biz/src/main/java/tech/qiantong/qdata/module/system/controller/admin/system/SysUserController.java,284,285,@GetMapping
1077,qdata-server,system,8080,DELETE,/system/user/{userIds},SysUserController,remove,,qdata-module-system/qdata-module-system-biz/src/main/java/tech/qiantong/qdata/module/system/controller/admin/system/SysUserController.java,194,195,@DeleteMapping
1078,qdata-server,system,8080,GET,/system/user/{userId},SysUserController,getInfo,,qdata-module-system/qdata-module-system-biz/src/main/java/tech/qiantong/qdata/module/system/controller/admin/system/SysUserController.java,114,115,@GetMapping
1079,qdata-server,system,8080,GET,/updater/getCurrentAppVersion,UpdaterController,getCurrentAppVersion,,qdata-module-system/qdata-module-system-biz/src/main/java/tech/qiantong/qdata/module/system/controller/admin/updater/UpdaterController.java,44,45,@GetMapping
1080,qdata-server,system,8080,GET,/updater/getLocalVersion,UpdaterController,getLocalVersion,,qdata-module-system/qdata-module-system-biz/src/main/java/tech/qiantong/qdata/module/system/controller/admin/updater/UpdaterController.java,33,34,@GetMapping
